0,0,1695,0,2288,0,650,0,39,0,0,0,1011,0,513,0,0,0,1,0,0,0,0,0,0,0,0,0,0,0,0,0,436,0,0,0,465,2,0,0,0,0,0,0,0,0,0,0,0,0,0,0,1,0,0,0,0,0,0,0,5966,0,0,0,332,0,40,0,4,0,305,0,1176,3,6,0,55,0,14,0,0,0,46,0,72,0,0,0,0,0,0,0,0,0,0,0,0,0,0,0,0,0,0,0,0,0,0,0,0,0,0,0,0,0,0,0,0,0,0,0,0,0,0,0,3,0,6,0,2,0,0,0,0,0,2,0,0,0,0,0,0,0,0,0,0,0,0,0,0,0,0,0,0,0,4,4,0,0,0,0,0,0,1,0,0,0,0,0,0,0
0,0,0,1787,0,2615,0,1137,0,30,0,0,0,1023,1,653,0,0,0,2,0,0,0,0,0,0,0,0,0,0,0,0,0,561,0,0,4,535,0,0,0,2,0,0,0,0,0,1,0,25,0,0,0,9,0,0,0,0,0,0,0,3772,0,14,0,53,0,221,0,9,0,440,8,607,1,74,0,241,0,60,0,0,0,37,0,10,0,0,0,0,0,0,0,0,0,0,0,0,0,0,0,0,0,0,0,0,0,0,0,0,0,0,0,0,0,0,0,0,0,0,0,0,0,0,0,17,0,25,0,8,0,6,0,0,0,1,0,0,0,0,0,0,0,1,0,0,0,0,0,1,0,0,0,0,3,9,0,1,0,0,0,1,0,4,0,1,0,0,0,0
1695,0,0,10,4645,8,23,0,261,3,322,1,6,0,3279,1,4,6,4078,5,270,14,34,0,207,0,216,0,47,0,13,0,138,1,0,0,695,1,0,0,0,0,0,0,0,0,0,0,0,0,0,0,0,0,0,0,0,0,0,0,164,0,0,0,8,0,0,0,1,0,126,0,435,0,38,2,20,2,3,0,0,0,0,0,0,0,0,0,0,0,0,0,0,0,0,0,0,0,0,0,0,0,0,0,0,0,0,0,0,0,0,0,0,0,0,0,0,0,0,0,0,0,0,0,0,0,0,0,0,0,0,0,0,0,0,0,0,0,0,0,0,0,0,0,0,0,0,0,0,0,25,18,194,18,430,105,1,0,0,0,0,0,0,0,0,0,0,0,0,0
0,1787,10,0,21,7135,0,190,2,344,7,380,0,3,107,2390,0,20,91,3030,6,627,2,95,2,278,0,545,0,56,0,1,2,270,0,0,4,1361,0,0,0,0,0,0,0,3,0,0,0,0,0,0,0,0,0,0,0,0,0,0,0,56,0,0,0,0,0,4,0,0,0,17,1,24,1,112,0,187,0,45,0,0,0,1,0,0,0,4,0,0,0,0,0,0,0,0,0,0,0,0,0,0,0,0,0,0,0,0,0,0,0,0,0,0,0,0,0,0,0,0,0,0,0,0,0,5,0,0,0,0,0,0,0,0,0,0,0,0,0,0,0,0,0,0,0,0,0,0,0,0,11,100,42,829,33,747,0,4,0,0,0,0,0,2,0,0,0,0,0,0
2288,0,4645,21,0,18,563,1,3254,7,1192,1,49,0,354,0,13,4,430,10,34,13,46,1,82,0,190,0,116,0,184,0,561,4,0,0,228,2,0,0,0,0,0,0,0,0,0,0,0,0,0,0,0,0,0,0,0,0,0,0,59,0,0,0,12,0,2,0,0,0,23,0,53,0,35,1,47,3,4,0,0,0,0,0,5,0,7,0,0,0,0,0,0,0,0,0,0,0,0,0,0,0,0,0,0,0,0,0,0,0,0,0,0,0,0,0,0,0,0,0,0,0,0,0,0,0,0,0,0,0,0,0,0,0,0,0,0,0,0,0,0,0,0,0,0,0,0,0,0,0,37,14,45,19,264,178,0,0,0,0,0,0,0,0,0,0,0,0,0,0
0,2615,8,7135,18,0,0,1054,4,3781,1,956,0,42,9,218,0,3,28,159,1,68,1,28,1,111,0,337,0,53,1,5,2,840,0,0,3,175,0,0,0,0,0,0,0,2,0,0,0,0,0,0,0,0,0,0,0,0,0,0,0,16,0,0,0,0,0,5,0,0,0,4,0,1,1,104,0,252,0,45,0,0,0,0,0,0,0,2,0,0,0,0,0,0,0,0,0,0,0,0,0,0,0,0,0,0,0,0,0,0,0,0,0,0,0,0,0,0,0,0,0,0,0,0,0,3,0,0,0,0,0,3,0,0,0,0,0,0,0,0,0,0,0,0,0,0,0,0,0,0,5,37,43,132,28,362,0,6,0,0,0,0,0,0,0,0,0,0,0,0
650,0,23,0,563,0,0,0,2660,0,0,0,1614,0,26,0,0,0,0,0,0,0,0,0,0,0,0,0,0,0,0,0,1105,0,0,0,27,1,0,0,1,0,0,0,0,0,0,0,0,0,0,0,0,0,0,0,0,0,0,0,67,0,0,0,2,0,2,0,0,0,2,0,4,0,5,0,25,0,9,0,0,0,103,0,154,0,83,0,0,0,0,0,1,0,0,0,0,0,0,0,0,0,0,0,0,0,0,0,0,0,0,0,0,0,0,0,0,0,0,0,0,0,0,0,0,0,0,0,0,0,0,0,0,0,0,0,0,0,0,0,0,0,0,0,0,0,0,0,0,0,0,0,0,0,43,21,0,0,1,0,0,0,0,0,0,0,0,0,0,0
0,1137,0,190,1,1054,0,0,0,2337,0,0,0,2532,1,151,0,0,0,5,0,0,1,0,0,0,0,0,0,2,0,0,0,1729,0,0,3,97,0,0,0,5,0,0,0,1,0,0,0,0,0,0,0,0,0,0,0,0,0,0,1,135,0,1,0,0,0,9,0,0,0,8,0,0,1,116,0,235,0,68,0,0,0,10,0,4,0,2,0,0,0,0,0,1,0,0,0,0,0,0,0,0,0,0,0,0,0,0,0,0,0,0,0,0,0,0,0,0,0,0,0,0,0,0,0,11,0,4,0,1,0,1,0,0,0,1,0,0,0,0,0,0,0,0,0,0,0,0,0,0,0,0,0,0,6,111,0,2,0,0,0,0,0,0,0,1,0,0,0,0
39,0,261,2,3254,4,2660,0,0,0,1252,0,205,0,104,0,1,2,31,1,2,0,0,0,5,0,6,0,72,0,13,0,2047,0,0,0,58,1,0,0,0,0,0,0,0,0,0,0,0,0,0,0,0,0,0,0,0,0,0,0,4,0,0,0,0,0,0,0,0,0,1,0,3,0,70,1,75,0,1,0,0,0,1,0,0,0,66,0,0,0,0,0,0,0,0,0,0,0,0,0,0,0,0,0,0,0,0,0,0,0,0,0,0,0,0,0,0,0,0,0,0,0,0,0,0,0,0,0,0,0,0,0,0,0,0,0,0,0,0,0,0,0,0,0,0,0,0,0,0,0,2,3,8,3,119,127,0,0,0,0,0,0,0,0,0,0,0,0,0,0
0,30,3,344,7,3781,0,2337,0,0,0,885,0,46,1,77,0,2,3,24,0,9,0,10,0,21,0,4,0,48,0,1,2,1301,0,0,1,72,0,0,0,0,0,0,0,1,0,0,0,0,0,0,0,0,0,0,0,0,0,0,0,3,0,0,0,0,0,0,0,0,0,0,0,1,1,153,0,307,0,22,0,0,0,1,0,0,0,4,0,0,0,0,0,1,0,0,0,0,0,0,0,0,0,0,0,0,0,0,0,0,0,0,0,0,0,0,0,0,0,0,0,0,0,0,0,4,0,2,0,0,0,0,0,0,0,0,0,0,0,0,0,0,0,0,0,0,0,0,0,0,2,6,3,11,10,202,0,4,0,0,0,0,0,0,0,0,0,0,0,0
0,0,322,7,1192,1,0,0,1252,0,0,0,0,0,0,0,4,6,115,0,31,4,32,0,85,0,65,0,722,0,272,0,427,0,0,0,1,0,0,0,0,0,0,0,0,0,0,0,0,0,0,0,0,0,0,0,0,0,0,0,0,0,0,0,0,0,0,0,0,0,0,0,0,0,25,0,45,0,0,0,0,0,0,0,0,0,1,0,0,0,0,0,1,0,0,0,0,0,0,0,0,0,0,0,0,0,0,0,0,0,0,0,0,0,0,0,0,0,0,0,0,0,0,0,0,0,0,0,0,0,0,0,0,0,0,0,0,0,0,0,0,0,0,0,0,0,0,0,0,0,10,12,24,1,20,9,1,0,0,0,0,0,0,0,0,0,0,0,0,0
0,0,1,380,1,956,0,0,0,885,0,0,0,0,0,0,0,2,2,64,0,40,0,36,0,144,0,239,0,922,0,187,0,482,0,0,0,2,0,0,0,0,0,0,0,0,0,0,0,0,0,0,0,0,0,0,0,0,0,0,0,0,0,0,0,0,0,0,0,0,0,0,0,0,0,29,0,37,0,1,0,0,0,0,0,0,0,2,0,1,0,0,0,0,0,0,0,0,0,0,0,0,0,0,0,0,0,0,0,0,0,0,0,0,0,0,0,0,0,0,0,0,0,0,0,1,0,0,0,0,0,0,0,0,0,0,0,0,0,0,0,0,0,0,0,0,0,0,0,0,0,8,2,31,0,8,0,1,0,0,0,0,0,0,0,0,0,0,0,0
1011,0,6,0,49,0,1614,0,205,0,0,0,0,0,1,0,0,0,0,0,0,0,0,0,0,0,0,0,0,0,0,0,740,0,0,0,3,0,5,0,5,0,3,0,13,0,0,0,1,0,0,0,0,0,1,0,0,0,0,0,1531,0,0,0,10,0,95,0,4,0,0,0,0,0,30,0,183,0,122,0,0,0,704,0,913,0,194,0,45,0,0,0,0,0,0,0,0,0,0,0,0,0,0,0,0,0,0,0,1,0,0,0,0,0,0,0,0,0,0,0,4,0,0,0,20,0,105,0,46,0,5,0,3,0,2,0,1,0,0,0,0,0,0,0,2,0,0,0,0,0,0,0,0,0,3,1,0,0,2,0,0,0,7,0,0,0,0,0,0,0
0,1023,0,3,0,42,0,2532,0,46,0,0,0,0,0,5,0,0,0,0,0,0,0,0,0,0,0,0,0,0,0,0,0,783,0,0,0,1,0,0,0,7,0,0,0,0,0,0,0,0,0,0,0,0,0,0,0,0,0,0,0,2094,0,0,0,2,0,879,0,1,0,2,0,0,0,11,0,96,0,14,0,0,0,73,0,121,0,11,0,0,0,3,0,0,0,0,0,0,0,0,0,0,0,0,0,0,0,0,0,0,0,0,0,0,0,0,0,0,0,0,0,0,0,0,0,1,0,6,0,0,0,0,0,0,0,0,0,0,0,0,0,0,0,0,0,0,0,0,0,0,0,0,0,0,1,1,0,0,0,0,0,1,0,0,0,0,0,0,0,0
513,1,3279,107,354,9,26,1,104,1,0,0,1,0,0,198,0,0,502,204,0,0,0,0,0,0,0,0,0,0,0,0,80,2,0,0,1568,104,0,0,0,0,0,0,0,0,0,0,0,0,0,0,0,0,0,0,0,0,0,0,54,0,0,0,0,0,0,0,0,0,50,0,1553,0,11,0,10,1,1,0,0,0,0,0,0,0,1,0,0,0,0,0,0,0,0,0,0,0,0,0,0,0,0,0,0,0,0,0,0,0,0,0,0,0,0,0,0,0,0,0,0,0,0,0,0,0,1,0,0,0,0,0,0,0,0,0,0,0,0,0,0,0,0,0,0,0,0,0,0,0,0,0,1,1,178,69,0,1,0,0,0,0,0,0,0,0,0,0,0,0
0,653,1,2390,0,218,0,151,0,77,0,0,0,5,198,0,0,0,32,511,0,0,0,0,0,0,0,0,1,0,0,0,0,28,0,0,19,2482,0,0,0,0,0,0,0,1,0,0,0,0,0,0,0,0,0,0,0,0,0,0,0,48,0,1,0,0,0,2,0,0,0,67,61,559,0,17,0,25,0,6,0,0,0,0,0,0,0,1,0,0,0,0,0,0,0,0,0,0,0,0,0,0,0,0,0,0,0,0,0,0,0,0,0,0,0,0,0,0,0,0,0,0,0,0,0,0,0,1,0,0,0,0,0,0,0,0,0,0,0,0,0,0,0,0,0,0,0,0,0,0,0,0,1,6,14,158,0,0,0,0,0,0,0,0,0,0,0,0,0,0
0,0,4,0,13,0,0,0,1,0,4,0,0,0,0,0,0,129,8,0,70,0,515,0,125,0,0,0,81,0,0,0,208,0,0,0,0,0,0,0,9,0,47,0,60,1,0,0,0,0,0,0,0,0,0,0,0,0,1,0,0,0,0,0,0,0,0,0,0,0,0,0,0,0,102,0,505,0,44,0,0,0,0,0,0,0,30,0,1,0,0,0,0,0,0,0,0,0,0,0,0,0,0,0,0,0,0,0,0,0,0,0,0,0,0,0,0,0,0,0,0,0,0,0,1,0,1,0,0,0,0,0,1,0,0,0,0,0,0,0,0,0,0,0,0,0,0,0,0,0,174,16,18,0,1,0,406,0,1,0,0,0,2,0,0,0,0,0,0,0
0,0,6,20,4,3,0,0,2,2,6,2,0,0,0,0,129,0,6,21,11,344,14,1243,2,32,0,4,2,44,0,0,1,163,0,0,0,0,0,0,0,9,0,0,0,41,0,0,0,0,0,0,0,0,0,0,0,0,0,0,0,0,0,0,0,0,0,0,0,0,0,0,0,0,1,81,1,410,0,10,0,0,0,0,0,0,0,1,0,0,0,0,0,0,0,0,0,0,0,0,0,0,0,0,0,0,0,0,0,0,0,0,0,0,0,0,0,0,0,0,0,0,0,0,0,5,0,0,0,0,0,0,0,0,0,0,0,0,0,0,0,0,0,1,0,0,0,0,0,0,134,350,27,18,2,0,7,334,0,0,0,0,0,1,0,0,0,0,0,0
1,0,4078,91,430,28,0,0,31,3,115,2,0,0,502,32,8,6,0,360,609,7,79,1,201,0,87,1,89,0,1,0,31,3,0,0,107,78,0,0,0,0,0,0,0,0,0,0,0,0,0,0,0,0,0,0,0,0,0,0,0,0,0,0,0,0,0,0,0,0,1,0,1,0,43,3,10,3,2,0,0,0,0,0,0,0,0,0,0,0,0,0,0,0,0,0,0,0,0,0,0,0,0,0,0,0,0,0,0,0,0,0,0,0,0,0,0,0,0,0,0,0,0,0,0,0,0,0,1,0,0,0,0,0,0,0,0,0,0,0,0,0,0,0,0,0,0,0,0,0,48,29,1182,22,709,96,1,0,0,0,0,0,0,0,0,0,0,0,0,0
0,2,5,3030,10,159,0,5,1,24,0,64,0,0,204,511,0,21,360,0,2,1514,4,158,0,175,0,85,0,21,0,0,1,39,0,0,3,1000,0,0,0,0,0,0,0,0,0,0,0,0,0,0,0,0,0,0,0,0,0,0,0,0,0,0,0,0,0,0,0,0,0,1,0,0,0,8,0,17,0,2,0,0,0,0,0,0,0,0,0,0,0,0,0,0,0,0,0,0,0,0,0,0,0,0,0,0,0,0,0,0,0,0,0,0,0,0,0,0,0,0,0,0,0,0,0,0,0,0,0,0,0,0,0,0,0,0,0,0,0,0,0,0,0,0,0,0,0,0,0,0,2,98,14,1451,8,386,1,1,0,0,0,0,0,0,0,0,0,0,0,0
0,0,270,6,34,1,0,0,2,0,31,0,0,0,0,0,70,11,609,2,0,0,1328,0,816,0,157,0,112,0,0,0,17,0,0,0,0,0,0,0,0,0,0,0,0,0,0,0,0,0,0,0,0,0,0,0,0,0,0,0,0,0,0,0,0,0,0,0,0,0,0,0,0,0,28,0,6,0,1,0,0,0,0,0,0,0,0,0,0,0,0,0,0,0,0,0,0,0,0,0,0,0,0,0,0,0,0,0,0,0,0,0,0,0,0,0,0,0,0,0,0,0,0,0,0,0,0,0,0,0,0,0,0,0,0,0,0,0,0,0,0,0,0,0,0,0,0,0,0,0,110,16,306,3,3,4,10,0,0,0,0,0,0,0,0,0,0,0,0,0
0,0,14,627,13,68,0,0,0,9,4,40,0,0,0,0,0,344,7,1514,0,0,3,1312,0,524,0,108,1,14,0,0,0,23,0,0,0,3,0,0,0,0,0,0,0,0,0,0,0,0,0,0,0,0,0,0,0,0,0,0,0,0,0,0,0,0,0,0,0,0,0,0,0,0,0,18,0,5,0,0,0,0,0,0,0,0,0,0,0,0,0,0,0,0,0,0,0,0,0,0,0,0,0,0,0,0,0,0,0,0,0,0,0,0,0,0,0,0,0,0,0,0,0,0,0,0,0,0,0,0,0,0,0,0,0,0,0,0,0,0,0,0,0,0,0,0,0,0,0,0,14,736,17,469,4,38,0,21,0,0,0,0,0,0,0,0,0,0,0,0
0,0,34,2,46,1,0,1,0,0,32,0,0,0,0,0,515,14,79,4,1328,3,0,42,1051,0,117,0,144,0,0,0,103,0,0,0,0,0,0,0,0,0,0,0,0,0,0,0,0,0,0,0,0,0,0,0,0,0,0,0,0,0,0,0,0,0,0,0,0,0,0,0,0,0,101,0,103,0,1,0,0,0,0,0,0,0,4,0,0,0,0,0,0,0,0,0,0,0,0,0,0,0,0,0,0,0,0,0,0,0,0,0,0,0,0,0,0,0,0,0,0,0,0,0,0,0,0,0,0,0,0,0,0,0,0,0,0,0,0,0,0,0,0,0,0,0,0,0,0,0,205,27,144,2,6,3,61,2,0,0,0,0,0,0,0,0,0,0,0,0
0,0,0,95,1,28,0,0,0,10,0,36,0,0,0,0,0,1243,1,158,0,1312,42,0,0,1296,0,43,0,36,0,0,0,123,0,0,0,0,0,0,0,0,0,0,0,1,0,0,0,0,0,0,0,0,0,0,0,0,0,0,0,0,0,0,0,0,0,0,0,0,0,0,0,0,0,114,0,44,0,0,0,0,0,0,0,0,0,1,0,0,0,0,0,0,0,0,0,0,0,0,0,0,0,0,0,0,0,0,0,0,0,0,0,0,0,0,0,0,0,0,0,0,0,0,0,0,0,0,0,0,0,0,0,0,0,0,0,0,0,0,0,0,0,0,0,0,0,0,0,0,4,228,0,72,0,7,0,268,0,0,0,0,0,0,0,0,0,0,0,0
0,0,207,2,82,1,0,0,5,0,85,0,0,0,0,0,125,2,201,0,816,0,1051,0,0,0,232,0,370,0,0,0,46,1,0,0,0,0,0,0,0,0,0,0,0,0,0,0,0,0,0,0,0,0,0,0,0,0,0,0,0,0,0,0,0,0,0,0,0,0,0,0,0,0,86,0,74,0,1,0,0,0,0,0,0,0,1,0,0,0,0,0,0,0,0,0,0,0,0,0,0,0,0,0,0,0,0,0,0,0,0,0,0,0,0,0,0,0,0,0,0,0,0,0,0,0,0,0,0,0,0,0,0,0,0,0,0,0,0,0,0,0,0,0,0,0,0,0,0,0,28,3,129,1,0,2,32,0,0,0,0,0,0,0,0,0,0,0,0,0
0,0,0,278,0,111,0,0,0,21,0,144,0,0,0,0,0,32,0,175,0,524,0,1296,0,0,0,319,0,64,0,0,0,126,0,0,0,2,0,0,0,0,0,0,0,0,0,0,0,0,0,0,0,0,0,0,0,0,0,0,0,0,0,0,0,0,0,0,0,0,0,0,0,0,0,134,0,38,0,0,0,0,0,0,0,0,0,0,0,0,0,0,0,0,0,0,0,0,0,0,0,0,0,0,0,0,0,0,0,0,0,0,0,0,0,0,0,0,0,0,0,0,0,0,0,0,0,0,0,0,0,0,0,0,0,0,0,0,0,0,0,0,0,0,0,0,0,0,0,0,0,51,2,44,0,6,0,15,0,0,0,0,0,0,0,0,0,0,0,0
0,0,216,0,190,0,0,0,6,0,65,0,0,0,0,0,0,0,87,0,157,0,117,0,232,0,0,0,330,0,37,0,11,0,0,0,0,0,0,0,0,0,0,0,0,0,0,0,0,0,0,0,0,0,0,0,0,0,0,0,0,0,0,0,0,0,0,0,0,0,0,0,0,0,2,0,1,0,0,0,0,0,0,0,0,0,0,0,0,0,0,0,0,0,0,0,0,0,0,0,0,0,0,0,0,0,0,0,0,0,0,0,0,0,0,0,0,0,0,0,0,0,0,0,0,0,0,0,0,0,0,0,0,0,0,0,0,0,0,0,0,0,0,0,0,0,0,0,0,0,6,3,19,0,2,3,3,0,0,0,0,0,0,0,0,0,0,0,0,0
0,0,0,545,0,337,0,0,0,4,0,239,0,0,0,0,0,4,1,85,0,108,0,43,0,319,0,0,0,85,0,29,0,25,0,0,0,0,0,0,0,0,0,0,0,0,0,0,0,0,0,0,0,0,0,0,0,0,0,0,0,0,0,0,0,0,0,0,0,0,0,0,0,0,0,12,0,3,0,0,0,0,0,0,0,0,0,0,0,0,0,0,0,0,0,0,0,0,0,0,0,0,0,0,0,0,0,0,0,0,0,0,0,0,0,0,0,0,0,0,0,0,0,0,0,0,0,0,0,0,0,0,0,0,0,0,0,0,0,0,0,0,0,0,0,0,0,0,0,0,0,4,0,13,1,1,0,0,0,0,0,0,0,0,0,0,0,0,0,0
0,0,47,0,116,0,0,0,72,0,722,0,0,0,0,1,81,2,89,0,112,1,144,0,370,0,330,0,0,0,171,0,571,0,0,0,0,0,0,0,0,0,0,0,0,0,0,0,0,0,0,0,0,0,0,0,0,0,0,0,0,0,0,0,0,0,0,0,0,0,0,0,0,0,184,0,197,0,0,0,0,0,0,0,0,0,1,0,0,0,0,0,0,1,0,0,0,0,0,0,0,0,0,0,0,0,0,0,0,0,0,0,0,0,0,0,0,0,0,0,0,0,0,0,0,0,0,0,0,0,0,0,0,0,0,0,0,0,0,0,0,0,0,0,0,0,0,0,0,0,13,3,76,0,8,3,21,0,0,0,0,0,0,0,0,0,0,0,0,0
0,0,0,56,0,53,0,2,0,48,0,922,0,0,0,0,0,44,0,21,0,14,0,36,0,64,0,85,0,0,0,62,0,537,0,0,0,3,0,0,0,0,0,1,0,0,0,0,0,0,0,0,0,0,0,0,0,0,0,0,0,0,0,0,0,0,0,0,0,0,0,0,0,0,0,93,0,92,0,0,0,0,0,0,0,0,0,39,0,0,0,15,0,1,0,0,0,0,0,0,0,0,0,0,0,0,0,0,0,0,0,0,0,0,0,0,0,0,0,0,0,0,0,0,0,0,0,0,0,0,0,0,0,0,0,0,0,0,0,0,0,0,0,0,0,0,0,0,0,0,0,8,0,5,0,5,0,12,0,0,0,0,0,0,0,0,0,0,0,0
0,0,13,0,184,1,0,0,13,0,272,0,0,0,0,0,0,0,1,0,0,0,0,0,0,0,37,0,171,0,0,0,14,0,0,0,0,0,0,0,0,0,0,0,0,0,0,0,0,0,0,0,0,0,0,0,0,0,0,0,0,0,0,0,0,0,0,0,0,0,0,0,0,0,2,0,2,0,0,0,0,0,0,0,0,0,0,0,0,0,0,0,0,0,0,0,0,0,0,0,0,0,0,0,0,0,0,0,0,0,0,0,0,0,0,0,0,0,0,0,0,0,0,0,0,0,0,0,0,0,0,0,0,0,0,0,0,0,0,0,0,0,0,0,0,0,0,0,0,0,0,0,0,0,1,0,0,0,0,0,0,0,0,0,0,0,0,0,0,0
0,0,0,1,0,5,0,0,0,1,0,187,0,0,0,0,0,0,0,0,0,0,0,0,0,0,0,29,0,62,0,0,0,7,0,0,0,0,0,0,0,0,0,0,0,0,0,0,0,0,0,0,0,0,0,0,0,0,0,0,0,0,0,0,0,0,0,0,0,0,0,0,0,0,0,0,0,0,0,0,0,0,0,0,0,0,0,0,0,0,0,0,0,0,0,0,0,0,0,0,0,0,0,0,0,0,0,0,0,0,0,0,0,0,0,0,0,0,0,0,0,0,0,0,0,0,0,0,0,0,0,0,0,0,0,0,0,0,0,0,0,0,0,0,0,0,0,0,0,0,0,0,0,1,0,0,0,0,0,0,0,0,0,0,0,0,0,0,0,0
436,0,138,2,561,2,1105,0,2047,2,427,0,740,0,80,0,208,1,31,1,17,0,103,0,46,0,11,0,571,0,14,0,0,0,0,0,38,2,3,0,289,1,0,0,98,0,0,1,0,0,5,0,0,0,0,0,0,0,28,0,364,0,0,0,0,0,53,0,0,0,2,0,0,0,544,2,3611,0,306,0,0,0,70,0,122,0,354,0,46,0,0,0,143,0,0,0,0,0,0,0,0,0,0,0,0,0,0,0,0,1,0,0,0,0,0,0,0,0,0,0,2,0,1,0,30,0,267,0,77,0,9,0,9,0,6,1,2,0,6,0,3,0,2,0,1,0,1,0,5,0,5,3,5,3,89,80,25,0,1,0,0,0,11,0,1,1,0,0,0,0
0,561,1,270,4,840,0,1729,0,1301,0,482,0,783,2,28,0,163,3,39,0,23,0,123,1,126,0,25,0,537,0,7,0,0,0,0,1,15,0,3,1,992,1,5,0,44,0,1,0,0,0,1,0,0,0,0,0,1,0,72,0,449,0,0,0,0,0,173,0,2,0,4,0,0,1,340,1,3653,1,165,0,0,0,67,0,364,0,197,0,30,0,1,0,67,0,0,0,0,0,0,0,0,0,0,0,0,0,0,0,0,0,1,0,0,0,0,0,0,0,0,0,1,0,0,0,5,1,35,2,13,0,5,0,1,0,1,0,0,0,2,0,0,0,3,1,14,0,3,0,0,1,9,2,16,5,98,0,18,0,0,0,1,0,3,0,0,0,0,0,0
0,0,0,0,0,0,0,0,0,0,0,0,0,0,0,0,0,0,0,0,0,0,0,0,0,0,0,0,0,0,0,0,0,0,0,0,0,0,0,0,0,0,0,0,0,0,0,0,0,0,0,0,0,0,0,0,0,0,0,0,0,0,0,0,0,0,0,0,0,0,0,0,0,0,0,0,0,0,0,0,0,0,0,0,0,0,0,0,0,0,0,0,0,0,0,0,0,0,0,0,0,0,0,0,0,0,0,0,0,0,0,0,0,0,0,0,0,0,0,0,0,0,0,0,0,0,0,0,0,0,0,0,0,0,0,0,0,0,0,0,0,0,0,0,0,0,0,0,0,0,0,0,0,0,0,0,0,0,0,0,0,0,0,0,0,0,0,0,0,0
0,0,0,0,0,0,0,0,0,0,0,0,0,0,0,0,0,0,0,0,0,0,0,0,0,0,0,0,0,0,0,0,0,0,0,0,0,0,0,0,0,0,0,0,0,0,0,0,0,0,0,0,0,0,0,0,0,0,0,0,0,0,0,0,0,0,0,0,0,0,0,0,0,0,0,0,0,0,0,0,0,0,0,0,0,0,0,0,0,0,0,0,0,0,0,0,0,0,0,0,0,0,0,0,0,0,0,0,0,0,0,0,0,0,0,0,0,0,0,0,0,0,0,0,0,0,0,0,0,0,0,0,0,0,0,0,0,0,0,0,0,0,0,0,0,0,0,0,0,0,0,0,0,0,0,0,0,0,0,0,0,0,0,0,0,0,0,0,0,0
465,4,695,4,228,3,27,3,58,1,1,0,3,0,1568,19,0,0,107,3,0,0,0,0,0,0,0,0,0,0,0,0,38,1,0,0,0,66,1033,1,0,0,0,0,1,0,0,0,103,0,0,0,11,0,0,0,0,0,0,0,271,0,2,0,6,0,0,0,0,0,1462,0,975,3,6,2,12,1,4,0,0,0,1,0,1,0,0,0,0,0,0,0,0,0,0,0,0,0,0,0,0,0,0,0,0,0,0,0,0,0,0,0,0,0,0,0,0,0,0,0,0,0,0,0,2,0,1,0,4,0,0,0,0,0,0,0,0,0,0,0,0,0,0,0,1,0,0,0,0,0,0,0,0,0,921,36,0,0,0,0,0,0,0,0,0,0,0,0,0,0
2,535,1,1361,2,175,1,97,1,72,0,2,0,1,104,2482,0,0,78,1000,0,3,0,0,0,2,0,0,0,3,0,0,2,15,0,0,66,0,1,889,0,0,0,0,1,0,0,6,0,8,0,0,0,0,0,1,0,0,0,0,7,136,0,4,0,0,0,2,0,0,0,845,27,576,144,31,1,27,0,10,0,0,0,1,0,0,0,0,0,0,0,0,0,0,0,0,0,0,0,0,0,0,0,0,0,0,0,0,0,0,0,0,0,0,0,0,0,0,0,0,0,0,0,0,0,2,0,2,0,0,0,0,0,0,0,0,0,0,0,0,0,0,0,0,0,0,0,0,0,0,3,3,5,189,75,1310,0,0,0,0,0,1,1,1,0,0,0,0,0,0
0,0,0,0,0,0,0,0,0,0,0,0,5,0,0,0,0,0,0,0,0,0,0,0,0,0,0,0,0,0,0,0,3,0,0,0,1033,1,0,115,84,2,3,1,2,0,938,300,240,1,126,45,18,0,1,0,0,0,2,0,2,0,0,0,0,0,0,0,0,0,721,157,0,0,5,0,9,0,30,0,0,0,45,0,41,0,0,0,0,0,0,0,0,0,0,0,0,0,0,0,0,0,0,0,0,0,0,0,0,0,0,0,0,0,4,0,0,0,0,0,1,0,0,0,5,0,46,0,37,0,4,0,1,0,3,0,0,0,0,0,0,0,2,0,9,0,1,0,3,0,0,0,0,0,0,0,0,0,0,0,0,0,5,0,1,0,0,0,0,0
0,0,0,0,0,0,0,0,0,0,0,0,0,0,0,0,0,0,0,0,0,0,0,0,0,0,0,0,0,0,0,0,0,3,0,0,1,889,115,0,4,8,0,2,0,0,127,368,0,68,56,79,0,6,0,0,0,0,0,1,0,2,0,0,0,0,0,1,0,0,138,1084,0,1,0,0,0,2,0,4,0,0,0,4,0,2,0,0,0,0,0,0,0,0,0,0,0,0,0,0,0,0,0,0,0,0,0,0,0,0,0,0,0,0,0,0,0,0,0,0,0,0,0,0,0,0,1,3,0,0,0,1,0,0,0,0,0,0,0,0,0,0,0,0,0,3,0,0,0,0,0,0,0,0,0,0,0,0,0,0,0,0,0,0,0,0,0,0,0,0
0,0,0,0,0,0,1,0,0,0,0,0,5,0,0,0,9,0,0,0,0,0,0,0,0,0,0,0,0,0,0,0,289,1,0,0,0,0,84,4,0,31,230,0,519,0,8,5,2,0,60,8,0,0,0,0,1,0,265,0,1,0,0,0,0,0,0,0,0,0,27,19,0,0,14,0,1131,7,503,2,0,0,73,0,346,0,450,0,399,0,20,0,1070,0,1,0,0,0,5,3,12,0,0,0,0,0,2,1,5,3,53,11,0,7,0,0,0,0,0,0,3,0,3,0,43,4,72,9,118,11,17,2,2,0,23,2,0,0,95,6,10,3,81,2,232,5,1,0,18,1,0,0,0,0,0,0,14,0,22,4,5,5,102,10,13,5,5,3,7,6
0,2,0,0,0,0,0,5,0,0,0,0,0,7,0,0,0,9,0,0,0,0,0,0,0,0,0,0,0,0,0,0,1,992,0,0,0,0,2,8,31,0,8,362,0,633,1,10,0,0,1,65,0,0,0,0,0,2,0,890,0,1,0,0,0,0,0,0,0,0,0,76,0,0,0,48,8,2059,11,785,0,0,0,153,0,1266,0,357,0,382,0,27,0,578,0,0,0,0,1,3,3,0,0,0,0,0,2,0,0,10,18,18,2,12,0,0,0,0,0,1,0,1,0,2,1,92,2,93,2,174,0,21,0,2,1,27,0,0,0,80,0,11,0,42,0,176,0,10,0,31,0,0,0,0,0,0,1,65,0,3,0,7,4,79,2,11,1,4,8,2
0,0,0,0,0,0,0,0,0,0,0,0,3,0,0,0,47,0,0,0,0,0,0,0,0,0,0,0,0,0,0,0,0,1,0,0,0,0,3,0,230,8,0,0,411,0,0,0,0,0,1233,0,0,0,0,0,0,0,3954,0,0,0,0,0,0,0,0,0,0,0,23,1,0,0,0,0,16,1,24,0,0,0,6,0,12,1,126,0,16,0,36,0,130,0,0,0,0,0,4,0,82,0,1,0,0,0,6,0,9,1,93,0,0,1,0,0,0,0,0,0,0,0,0,0,5,0,8,2,6,1,0,0,0,0,3,1,0,0,2,1,0,0,1,1,4,1,0,0,0,0,0,0,0,0,0,0,0,0,0,1,0,0,48,0,0,1,0,0,5,2
0,0,0,0,0,0,0,0,0,0,0,0,0,0,0,0,0,0,0,0,0,0,0,0,0,0,0,0,0,1,0,0,0,5,0,0,0,0,1,2,0,362,0,0,0,411,0,2,0,0,1,808,0,0,0,0,0,9,0,2631,0,0,0,0,0,0,0,0,0,0,0,51,0,0,0,0,0,7,1,0,0,0,0,0,0,11,0,550,0,49,0,130,0,69,0,1,0,0,0,32,2,19,0,4,0,0,0,0,2,28,8,142,0,3,0,0,0,0,0,0,0,0,0,0,3,0,1,1,2,4,0,2,0,0,1,0,0,0,0,0,0,2,0,1,0,0,0,1,0,0,0,0,0,0,0,0,0,0,0,1,0,2,0,5,1,4,2,2,5,3
0,0,0,0,0,0,0,0,0,0,0,0,13,0,0,0,60,0,0,0,0,0,0,0,0,0,0,0,0,0,0,0,98,0,0,0,1,1,2,0,519,0,411,0,0,0,1,0,0,0,0,0,0,0,0,0,0,0,78,0,3,0,0,0,0,0,0,0,0,0,0,0,0,0,52,0,380,0,311,0,0,0,2,0,0,0,274,0,65,0,40,0,86,0,0,0,0,0,0,0,0,0,0,0,0,0,0,0,0,0,1,0,0,0,0,0,0,0,0,0,0,0,0,0,21,0,33,0,4,0,0,0,0,0,0,0,0,0,1,0,0,0,0,0,2,0,0,0,0,0,0,0,0,0,0,0,144,0,0,0,0,0,34,0,0,0,0,0,0,0
0,0,0,3,0,2,0,1,0,1,0,0,0,0,0,1,1,41,0,0,0,0,0,1,0,0,0,0,0,0,0,0,0,44,0,0,0,0,0,0,0,633,0,411,0,0,0,0,0,0,0,0,0,0,0,0,0,0,0,72,0,0,0,0,0,0,0,0,0,0,0,0,0,0,0,38,0,694,0,267,0,0,0,0,0,1,0,825,0,6,0,12,0,51,0,0,0,0,0,0,0,0,0,0,0,0,0,0,0,0,0,0,0,0,0,0,0,0,0,0,0,0,0,0,0,23,0,1,0,0,0,0,0,1,0,0,0,0,0,0,0,0,0,0,0,0,0,0,0,0,0,0,0,0,0,1,0,195,0,0,0,0,0,0,0,0,0,0,0,0
0,0,0,0,0,0,0,0,0,0,0,0,0,0,0,0,0,0,0,0,0,0,0,0,0,0,0,0,0,0,0,0,0,0,0,0,0,0,938,127,8,1,0,0,1,0,0,749,2900,324,3387,388,1542,14,1026,13,232,2,34,3,0,0,1,0,0,0,0,0,1,2,791,163,0,0,1,1,0,0,1,0,0,0,3,0,3,0,0,0,30,0,0,0,5,0,0,0,0,0,0,0,0,0,16,26,0,0,0,0,0,0,0,0,0,0,1,0,0,0,0,0,0,0,0,0,0,0,1,0,1,0,0,0,0,0,0,0,0,0,0,0,0,0,0,0,0,0,0,0,0,0,0,0,0,0,0,0,0,0,0,0,0,0,0,0,0,0,0,0,0,0
0,1,0,0,0,0,0,0,0,0,0,0,0,0,0,0,0,0,0,0,0,0,0,0,0,0,0,0,0,0,0,0,1,1,0,0,0,6,300,368,5,10,0,2,0,0,749,0,165,3658,251,3509,0,978,1,1047,0,467,0,344,0,1,0,1,0,2,0,1,0,51,148,890,0,0,0,0,0,0,3,0,0,0,1,0,2,10,0,0,0,563,0,0,0,6,0,0,0,0,0,0,0,0,0,3,0,0,0,0,0,0,0,0,0,0,19,2,0,0,0,0,0,0,0,0,0,0,2,0,3,0,2,0,0,0,0,0,0,0,0,0,0,0,0,0,0,0,0,0,0,0,0,0,0,0,0,0,0,0,0,0,0,0,0,0,0,0,0,0,0,0
0,0,0,0,0,0,0,0,0,0,0,0,1,0,0,0,0,0,0,0,0,0,0,0,0,0,0,0,0,0,0,0,0,0,0,0,103,0,240,0,2,0,0,0,0,0,2900,165,0,276,16,5,3691,2,455,1,4,0,1,0,0,0,105,0,4,0,0,0,8,0,1805,17,0,0,0,0,0,0,2,0,0,0,7,0,6,0,0,0,0,0,0,0,0,0,0,0,0,0,0,0,0,0,0,0,0,0,0,0,0,0,0,0,0,0,0,0,0,0,0,0,0,0,0,0,0,0,3,0,1,0,0,0,0,0,1,0,0,0,0,0,0,0,0,0,0,0,0,0,0,0,0,0,0,0,0,0,0,0,0,0,0,0,0,0,0,0,0,0,0,0
0,25,0,0,0,0,0,0,0,0,0,0,0,0,0,0,0,0,0,0,0,0,0,0,0,0,0,0,0,0,0,0,0,0,0,0,0,8,1,68,0,0,0,0,0,0,324,3658,276,0,1,140,0,3499,0,620,0,29,0,29,0,62,0,72,0,15,0,6,0,104,1,1812,0,2,0,0,0,0,0,0,0,0,0,2,0,0,0,0,0,15,0,0,0,0,0,0,0,0,0,0,0,0,0,0,0,0,0,0,0,0,0,0,0,0,0,0,0,0,0,0,0,0,0,0,0,0,0,0,1,0,0,0,0,0,0,0,0,0,0,0,0,0,0,0,0,0,0,0,0,1,0,0,0,0,0,0,0,0,0,0,0,0,0,0,0,0,0,0,0,0
0,0,0,0,0,0,0,0,0,0,0,0,0,0,0,0,0,0,0,0,0,0,0,0,0,0,0,0,0,0,0,0,5,0,0,0,0,0,126,56,60,1,1233,1,0,0,3387,251,16,1,0,132,171,0,1297,2,1180,0,1631,3,1,0,0,0,0,0,0,0,1,0,940,106,0,0,1,0,12,1,13,0,0,0,7,0,23,0,0,0,97,0,0,0,8,0,97,0,0,0,2,0,9,0,123,0,0,0,1,0,1,1,9,0,0,28,0,0,0,0,0,0,2,0,0,0,6,0,3,1,3,0,1,0,0,0,1,0,0,0,2,0,0,0,0,0,6,1,0,0,2,0,0,0,0,0,0,0,0,0,4,0,0,0,4,2,11,1,2,1,7,6
0,0,0,0,0,0,0,0,0,0,0,0,0,0,0,0,0,0,0,0,0,0,0,0,0,0,0,0,0,0,0,0,0,1,0,0,0,0,45,79,8,65,0,808,0,0,388,3509,5,140,132,0,0,122,0,430,0,456,0,1140,0,0,0,0,0,0,0,0,0,11,50,873,0,0,0,0,1,19,2,18,0,0,0,1,0,10,0,0,0,154,0,0,0,47,0,1,0,0,0,6,0,87,0,10,0,0,1,3,2,11,12,9,4,64,127,5,0,0,0,0,1,0,0,0,0,0,0,4,2,5,0,2,0,0,1,4,0,0,0,5,0,1,0,0,1,2,0,0,0,0,0,0,0,0,0,0,0,0,0,0,0,4,1,5,1,8,0,17,5,0
1,0,0,0,0,0,0,0,0,0,0,0,0,0,0,0,0,0,0,0,0,0,0,0,0,0,0,0,0,0,0,0,0,0,0,0,11,0,18,0,0,0,0,0,0,0,1542,0,3691,0,171,0,0,0,2433,0,54,0,6,0,0,0,424,0,216,0,0,0,35,0,768,0,1,0,0,0,0,0,0,0,0,0,0,0,0,0,0,0,2,0,0,0,0,0,0,0,0,0,0,0,0,0,0,0,0,0,0,0,0,0,0,0,0,0,0,0,0,0,0,0,0,0,0,0,0,0,0,0,0,0,0,0,0,0,0,0,0,0,0,0,0,0,0,0,0,0,0,0,0,0,0,0,0,0,0,0,0,0,0,0,0,0,0,0,0,0,0,0,0,0
0,9,0,0,0,0,0,0,0,0,0,0,0,0,0,0,0,0,0,0,0,0,0,0,0,0,0,0,0,0,0,0,0,0,0,0,0,0,0,6,0,0,0,0,0,0,14,978,2,3499,0,122,0,0,0,2031,0,52,0,38,0,129,0,267,0,62,0,13,0,213,0,666,0,1,0,0,0,0,0,0,0,0,0,0,0,0,0,0,0,106,0,0,0,2,0,0,0,0,0,0,0,0,0,0,0,0,0,0,0,0,0,0,0,0,0,0,0,0,0,0,0,0,0,0,0,0,0,0,0,0,0,0,0,0,0,0,0,0,0,0,0,0,0,0,0,0,0,0,0,0,0,0,0,0,0,0,0,0,0,0,0,0,0,0,0,0,0,0,0,0
0,0,0,0,0,0,0,0,0,0,0,0,1,0,0,0,0,0,0,0,0,0,0,0,0,0,0,0,0,0,0,0,0,0,0,0,0,0,1,0,0,0,0,0,0,0,1026,1,455,0,1297,0,2433,0,0,0,3228,0,394,0,0,0,298,0,526,0,0,0,1811,0,81,0,0,0,0,0,0,0,1,0,0,0,7,0,247,0,0,0,3201,0,0,0,221,0,0,0,0,0,0,0,0,0,11,0,0,0,0,0,0,0,0,0,0,0,0,0,0,0,0,0,0,0,0,0,0,0,0,0,1,0,0,0,0,0,0,0,0,0,0,0,0,0,0,0,0,0,0,0,0,0,0,0,0,0,0,0,0,0,0,0,0,0,0,0,0,0,0,0,0,0
0,0,0,0,0,0,0,0,0,0,0,0,0,0,0,0,0,0,0,0,0,0,0,0,0,0,0,0,0,0,0,0,0,0,0,0,0,1,0,0,0,0,0,0,0,0,13,1047,1,620,2,430,0,2031,0,0,0,1193,0,320,0,14,0,7,0,96,0,42,0,1387,0,61,0,0,0,0,0,0,0,0,0,0,0,2,0,45,0,0,0,2108,0,0,0,127,0,0,0,0,0,0,0,0,0,0,0,0,0,0,0,0,0,0,0,0,0,0,0,0,0,0,0,0,0,0,0,0,0,0,0,0,0,0,0,0,0,0,0,0,0,0,0,0,0,0,0,0,0,0,0,0,0,0,0,0,0,0,0,0,0,0,0,0,0,0,0,0,0,0,0,0
0,0,0,0,0,0,0,0,0,0,0,0,0,0,0,0,0,0,0,0,0,0,0,0,0,0,0,0,0,0,0,0,0,0,0,0,0,0,0,0,1,0,0,0,0,0,232,0,4,0,1180,0,54,0,3228,0,0,0,1221,0,0,0,0,0,0,0,0,0,5,0,9,0,0,0,0,0,0,0,2,0,0,0,7,0,80,0,0,0,427,0,0,0,661,0,1,0,0,0,0,0,0,0,2,0,0,0,0,0,0,0,0,0,0,0,0,0,0,0,0,0,0,0,0,0,0,0,0,0,1,0,0,0,0,0,0,0,0,0,0,0,0,0,0,0,0,0,0,0,0,0,0,0,0,0,0,0,0,0,0,0,0,0,0,0,0,0,0,0,0,0
0,0,0,0,0,0,0,0,0,0,0,0,0,0,0,0,0,0,0,0,0,0,0,0,0,0,0,0,0,0,0,0,0,1,0,0,0,0,0,0,0,2,0,9,0,0,2,467,0,29,0,456,0,52,0,1193,0,0,0,1608,0,0,0,0,0,0,0,0,0,4,0,0,0,0,0,0,0,0,0,0,0,0,0,0,0,33,0,0,0,465,0,0,0,926,0,0,0,0,0,0,0,0,0,0,0,0,0,0,0,0,0,0,0,0,0,0,0,0,0,0,0,0,0,0,0,0,0,0,0,0,0,0,0,0,0,0,0,0,0,0,0,0,0,0,0,0,0,0,0,0,0,0,0,0,0,0,0,0,0,0,0,0,0,0,0,0,0,0,0,0
0,0,0,0,0,0,0,0,0,0,0,0,0,0,0,0,1,0,0,0,0,0,0,0,0,0,0,0,0,0,0,0,28,0,0,0,0,0,2,0,265,0,3954,0,78,0,34,0,1,0,1631,0,6,0,394,0,1221,0,0,0,0,0,0,0,0,0,0,0,1,0,15,0,0,0,0,0,29,0,2,0,0,0,2,0,238,0,585,0,840,0,1114,0,3527,0,63,0,0,0,0,0,0,0,10,0,0,0,0,0,0,0,0,0,0,0,0,0,0,0,0,0,0,0,0,0,0,0,1,0,0,0,0,0,0,0,0,0,0,0,1,0,0,0,0,0,0,0,0,0,0,0,0,0,0,0,0,0,0,0,0,0,0,0,1,0,0,0,0,0,0,0
0,0,0,0,0,0,0,0,0,0,0,0,0,0,0,0,0,0,0,0,0,0,0,0,0,0,0,0,0,0,0,0,0,72,0,0,0,0,0,1,0,890,0,2631,0,72,3,344,0,29,3,1140,0,38,0,320,0,1608,0,0,0,0,0,0,0,0,0,0,0,3,0,7,0,0,0,0,0,67,0,0,0,0,0,9,0,814,0,1058,0,1462,0,782,0,2992,0,0,0,0,0,0,0,9,0,10,0,0,0,0,0,0,0,0,0,0,0,0,0,0,0,0,0,0,0,0,0,0,0,0,0,0,0,0,0,0,0,0,0,0,0,0,0,0,0,0,0,0,0,0,0,0,0,0,0,0,0,0,0,0,0,0,0,0,0,0,0,0,0,0,0,0
5966,0,164,0,59,0,67,1,4,0,0,0,1531,0,54,0,0,0,0,0,0,0,0,0,0,0,0,0,0,0,0,0,364,0,0,0,271,7,2,0,1,0,0,0,3,0,0,0,0,0,1,0,0,0,0,0,0,0,0,0,0,0,868,0,3582,0,1309,0,24,0,838,0,423,3,14,0,68,0,40,0,0,0,135,0,855,0,0,0,4,0,0,0,0,0,0,0,0,0,0,0,0,0,0,0,0,0,0,0,0,0,0,0,0,0,0,0,0,0,0,0,0,0,0,0,11,0,30,0,4,0,2,0,1,0,1,0,0,0,0,0,0,0,0,0,1,0,0,0,0,0,0,0,0,0,8,0,0,0,0,0,0,0,0,0,0,0,0,0,0,0
0,3772,0,56,0,16,0,135,0,3,0,0,0,2094,0,48,0,0,0,0,0,0,0,0,0,0,0,0,0,0,0,0,0,449,0,0,0,136,0,2,0,1,0,0,0,0,0,1,0,62,0,0,0,129,0,14,0,0,0,0,0,0,0,1795,0,1737,0,3773,0,213,0,1222,2,532,0,58,0,198,0,57,0,0,0,7,0,180,0,0,0,6,0,0,0,0,0,0,0,0,0,0,0,0,0,0,0,0,0,0,0,0,0,0,0,0,0,0,0,0,0,0,0,0,0,0,0,6,0,22,0,3,0,5,0,3,0,2,0,0,0,0,0,0,0,0,0,1,0,1,0,0,0,0,0,0,0,0,0,1,0,0,0,0,0,3,0,0,0,0,0,0
0,0,0,0,0,0,0,0,0,0,0,0,0,0,0,0,0,0,0,0,0,0,0,0,0,0,0,0,0,0,0,0,0,0,0,0,2,0,0,0,0,0,0,0,0,0,1,0,105,0,0,0,424,0,298,0,0,0,0,0,868,0,0,0,1210,0,0,0,19,0,1113,0,64,0,0,0,0,0,0,0,0,0,0,0,0,0,0,0,0,0,0,0,0,0,0,0,0,0,0,0,0,0,0,0,0,0,0,0,0,0,0,0,0,0,0,0,0,0,0,0,0,0,0,0,0,0,0,0,0,0,0,0,0,0,0,0,0,0,0,0,0,0,0,0,0,0,0,0,0,0,0,0,0,0,0,0,0,0,0,0,0,0,0,0,0,0,0,0,0,0
0,14,0,0,0,0,0,1,0,0,0,0,0,0,0,1,0,0,0,0,0,0,0,0,0,0,0,0,0,0,0,0,0,0,0,0,0,4,0,0,0,0,0,0,0,0,0,1,0,72,0,0,0,267,0,7,0,0,0,0,0,1795,0,0,0,1016,0,3,0,207,1,1932,0,81,0,0,0,0,0,0,0,0,0,0,0,0,0,0,0,0,0,0,0,0,0,0,0,0,0,0,0,0,0,0,0,0,0,0,0,0,0,0,0,0,0,0,0,0,0,0,0,0,0,0,0,0,0,0,0,0,0,0,0,0,0,0,0,0,0,0,0,0,0,0,0,0,0,0,0,0,0,0,0,0,0,0,0,0,0,0,0,0,0,0,0,0,0,0,0,0
332,0,8,0,12,0,2,0,0,0,0,0,10,0,0,0,0,0,0,0,0,0,0,0,0,0,0,0,0,0,0,0,0,0,0,0,6,0,0,0,0,0,0,0,0,0,0,0,4,0,0,0,216,0,526,0,0,0,0,0,3582,0,1210,0,0,0,2040,0,2764,0,6,0,0,0,1,0,2,0,1,0,0,0,0,0,168,0,0,0,41,0,0,0,0,0,0,0,0,0,0,0,0,0,0,0,0,0,0,0,0,0,0,0,0,0,0,0,0,0,0,0,0,0,0,0,0,0,1,0,0,0,0,0,0,0,0,0,0,0,0,0,0,0,0,0,0,0,0,0,0,0,0,0,0,0,0,0,0,0,0,0,0,0,0,0,0,0,0,0,0,0
0,53,0,0,0,0,0,0,0,0,0,0,0,2,0,0,0,0,0,0,0,0,0,0,0,0,0,0,0,0,0,0,0,0,0,0,0,0,0,0,0,0,0,0,0,0,0,2,0,15,0,0,0,62,0,96,0,0,0,0,0,1737,0,1016,0,0,0,999,0,2197,0,54,0,3,0,0,0,2,0,1,0,0,0,0,0,13,0,0,0,26,0,0,0,0,0,0,0,0,0,0,0,0,0,0,0,0,0,0,0,0,0,0,0,0,0,0,0,0,0,0,0,0,0,0,0,0,0,0,0,0,0,0,0,0,0,0,0,0,0,0,0,0,0,0,0,0,0,0,0,0,0,0,0,0,0,0,0,0,0,0,0,0,0,0,0,0,0,0,0,0
40,0,0,0,2,0,2,0,0,0,0,0,95,0,0,0,0,0,0,0,0,0,0,0,0,0,0,0,0,0,0,0,53,0,0,0,0,0,0,0,0,0,0,0,0,0,0,0,0,0,0,0,0,0,0,0,0,0,0,0,1309,0,0,0,2040,0,0,0,762,0,0,0,0,0,5,0,13,0,8,0,0,0,1,0,929,0,0,0,58,0,0,0,0,0,0,0,0,0,0,0,0,0,0,0,0,0,0,0,0,0,0,0,0,0,0,0,0,0,0,0,0,0,0,0,1,0,15,0,8,0,0,0,0,0,1,0,0,0,0,0,0,0,0,0,1,0,0,0,0,0,0,0,0,0,0,0,0,0,0,0,0,0,0,0,0,0,0,0,0,0
0,221,0,4,0,5,0,9,0,0,0,0,0,879,0,2,0,0,0,0,0,0,0,0,0,0,0,0,0,0,0,0,0,173,0,0,0,2,0,1,0,0,0,0,0,0,0,1,0,6,0,0,0,13,0,42,0,0,0,0,0,3773,0,3,0,999,0,0,0,750,0,17,0,1,0,29,0,83,0,38,0,0,0,4,0,1087,0,0,0,98,0,0,0,0,0,0,0,0,0,0,0,0,0,0,0,0,0,0,0,0,0,0,0,0,0,0,0,0,0,0,0,0,0,0,0,2,0,12,0,6,0,4,0,1,0,2,0,0,0,0,0,0,0,1,0,4,0,1,0,0,0,0,0,0,0,2,0,0,0,0,0,0,0,1,0,0,0,0,0,0
4,0,1,0,0,0,0,0,0,0,0,0,4,0,0,0,0,0,0,0,0,0,0,0,0,0,0,0,0,0,0,0,0,0,0,0,0,0,0,0,0,0,0,0,0,0,1,0,8,0,1,0,35,0,1811,0,5,0,1,0,24,0,19,0,2764,0,762,0,0,0,2,0,0,0,0,0,0,0,0,0,0,0,0,0,250,0,0,0,930,0,0,0,1,0,0,0,0,0,0,0,0,0,0,0,0,0,0,0,0,0,0,0,0,0,0,0,0,0,0,0,0,0,0,0,0,0,0,0,0,0,0,0,0,0,0,0,0,0,0,0,0,0,0,0,0,0,0,0,0,0,0,0,0,0,0,0,0,0,0,0,0,0,0,0,0,0,0,0,0,0
0,9,0,0,0,0,0,0,0,0,0,0,0,1,0,0,0,0,0,0,0,0,0,0,0,0,0,0,0,0,0,0,0,2,0,0,0,0,0,0,0,0,0,0,0,0,2,51,0,104,0,11,0,213,0,1387,0,4,0,3,0,213,0,207,0,2197,0,750,0,0,0,143,0,1,0,0,0,0,0,0,0,0,0,1,0,521,0,0,0,572,0,0,0,1,0,0,0,0,0,0,0,0,0,0,0,0,0,0,0,0,0,0,0,0,0,0,0,0,0,0,0,0,0,0,0,0,0,0,0,0,0,0,0,0,0,0,0,0,0,0,0,0,0,0,0,0,0,0,0,0,0,0,0,0,0,0,0,0,0,0,0,0,0,0,0,0,0,0,0,0
305,0,126,0,23,0,2,0,1,0,0,0,0,0,50,0,0,0,1,0,0,0,0,0,0,0,0,0,0,0,0,0,2,0,0,0,1462,0,721,138,27,0,23,0,0,0,791,148,1805,1,940,50,768,0,81,0,9,0,15,0,838,0,1113,1,6,0,0,0,2,0,0,199,1254,3,0,0,3,0,4,0,0,0,3,0,8,0,0,0,2,0,0,0,0,0,0,0,0,0,0,0,0,0,0,0,0,0,0,0,0,0,0,0,0,0,1,0,0,0,0,0,0,0,0,0,0,0,1,0,4,0,0,0,0,0,0,0,0,0,0,0,0,0,0,0,0,0,0,0,0,0,0,0,0,0,5,1,0,0,0,0,0,0,0,0,0,0,0,0,0,0
0,440,0,17,0,4,0,8,0,0,0,0,0,2,0,67,0,0,0,1,0,0,0,0,0,0,0,0,0,0,0,0,0,4,0,0,0,845,157,1084,19,76,1,51,0,0,163,890,17,1812,106,873,0,666,0,61,0,0,0,7,0,1222,0,1932,0,54,0,17,0,143,199,0,3,1056,0,1,0,6,1,6,0,0,2,5,2,6,0,0,0,2,0,0,0,0,0,0,0,0,0,0,0,0,0,0,0,0,0,0,0,0,0,0,0,0,0,0,0,0,0,0,0,0,0,0,0,0,3,3,2,2,0,0,0,0,0,0,0,0,0,0,0,0,0,0,0,1,0,0,2,0,0,0,0,0,0,0,0,0,0,0,0,0,0,1,0,0,0,0,0,1
1176,8,435,1,53,0,4,0,3,0,0,0,0,0,1553,61,0,0,1,0,0,0,0,0,0,0,0,0,0,0,0,0,0,0,0,0,975,27,0,0,0,0,0,0,0,0,0,0,0,0,0,0,1,0,0,0,0,0,0,0,423,2,64,0,0,0,0,0,0,0,1254,3,0,79,0,0,2,0,0,0,0,0,0,0,0,0,0,0,0,0,0,0,0,0,0,0,0,0,0,0,0,0,0,0,0,0,0,0,0,0,0,0,0,0,0,0,0,0,0,0,0,0,0,0,0,0,0,0,0,0,0,0,0,0,0,0,0,0,0,0,0,0,0,0,0,0,0,0,0,0,0,0,0,0,9,1,0,0,0,0,0,0,0,0,0,0,0,0,0,0
3,607,0,24,0,1,0,0,0,1,0,0,0,0,0,559,0,0,0,0,0,0,0,0,0,0,0,0,0,0,0,0,0,0,0,0,3,576,0,1,0,0,0,0,0,0,0,0,0,2,0,0,0,1,0,0,0,0,0,0,3,532,0,81,0,3,0,1,0,1,3,1056,79,0,0,0,0,0,0,0,0,0,0,0,0,0,0,0,0,0,0,0,0,0,0,0,0,0,0,0,0,0,0,0,0,0,0,0,0,0,0,0,0,0,0,0,0,0,0,0,0,0,0,0,0,0,0,0,0,0,0,0,0,0,0,0,0,0,0,0,0,0,0,0,0,0,0,0,0,0,0,0,0,0,0,0,0,0,0,0,0,0,0,0,0,0,0,0,0,0
6,1,38,1,35,1,5,1,70,1,25,0,30,0,11,0,102,1,43,0,28,0,101,0,86,0,2,0,184,0,2,0,544,1,0,0,6,144,5,0,14,0,0,0,52,0,1,0,0,0,1,0,0,0,0,0,0,0,0,0,14,0,0,0,1,0,5,0,0,0,0,0,0,0,0,4,1548,1,573,0,0,0,3,0,4,0,1,0,0,0,0,0,0,0,0,0,0,0,0,0,1,0,0,0,0,0,1,0,0,2,3,1,0,0,0,0,0,0,0,0,79,24,1,0,227,0,288,0,187,0,31,0,12,0,67,1,8,0,0,0,1,0,2,0,19,0,6,0,8,0,71,3,14,0,389,603,127,0,5,2,6,0,38,0,3,0,0,0,0,1
0,74,2,112,1,104,0,116,1,153,0,29,0,11,0,17,0,81,3,8,0,18,0,114,0,134,0,12,0,93,0,0,2,340,0,0,2,31,0,0,0,48,0,0,0,38,1,0,0,0,0,0,0,0,0,0,0,0,0,0,0,58,0,0,0,0,0,29,0,0,0,1,0,0,4,0,0,1888,1,806,0,0,0,0,0,1,0,10,0,0,0,0,0,0,0,0,0,0,0,0,0,0,0,0,0,0,0,0,0,0,3,2,0,0,0,0,0,0,0,0,0,1,0,0,0,535,0,481,2,236,1,191,0,43,0,80,0,18,0,10,0,15,0,12,1,58,0,27,0,17,1,6,4,6,10,101,0,328,1,10,0,4,0,49,0,20,0,1,4,1
55,0,20,0,47,0,25,0,75,0,45,0,183,0,10,0,505,1,10,0,6,0,103,0,74,0,1,0,197,0,2,0,3611,1,0,0,12,1,9,0,1131,8,16,0,380,0,0,0,0,0,12,1,0,0,0,0,0,0,29,0,68,0,0,0,2,0,13,0,0,0,3,0,2,0,1548,0,0,1,1063,1,0,0,67,0,39,0,589,0,48,0,0,0,114,0,0,0,0,0,1,0,1,0,0,0,0,0,0,0,0,0,2,1,0,0,0,0,0,0,0,0,0,0,0,0,249,1,177,1,31,2,5,0,4,1,5,0,5,0,36,1,5,0,8,0,15,1,1,0,2,0,2,1,2,0,26,20,444,0,5,0,3,0,68,4,4,0,0,0,3,0
0,241,2,187,3,252,0,235,0,307,0,37,0,96,1,25,0,410,3,17,0,5,0,44,0,38,0,3,0,92,0,0,0,3653,0,0,1,27,0,2,7,2059,1,7,0,694,0,0,0,0,1,19,0,0,0,0,0,0,0,67,0,198,0,0,0,2,0,83,0,0,0,6,0,0,1,1888,1,0,5,1075,0,0,0,23,0,148,0,551,0,27,0,5,0,80,0,0,0,0,0,0,0,0,0,0,0,0,0,0,0,0,0,0,1,2,0,0,0,0,0,0,0,0,0,1,1,67,0,70,0,40,0,17,0,2,0,10,0,3,0,37,0,12,0,12,0,72,0,4,0,7,0,0,0,8,7,78,0,714,2,3,0,2,1,39,0,4,0,0,1,0
14,0,3,0,4,0,9,0,1,0,0,0,122,0,1,0,44,0,2,0,1,0,1,0,1,0,0,0,0,0,0,0,306,1,0,0,4,0,30,0,503,11,24,1,311,0,1,3,2,0,13,2,0,0,1,0,2,0,2,0,40,0,0,0,1,0,8,0,0,0,4,1,0,0,573,1,1063,5,0,1,0,0,72,0,24,0,2,0,2,0,0,0,6,0,0,0,0,0,0,0,7,0,0,0,0,0,0,0,2,1,12,2,0,0,0,0,0,0,0,0,0,0,0,0,295,2,101,10,54,3,24,0,24,0,7,0,4,0,18,1,2,0,19,1,24,1,0,0,9,0,0,0,0,0,4,2,287,0,29,2,9,1,76,5,13,0,2,0,3,4
0,60,0,45,0,45,0,68,0,22,0,1,0,14,0,6,0,10,0,2,0,0,0,0,0,0,0,0,0,0,0,0,0,165,0,0,0,10,0,4,2,785,0,0,0,267,0,0,0,0,0,18,0,0,0,0,0,0,0,0,0,57,0,0,0,1,0,38,0,0,0,6,0,0,0,806,1,1075,1,0,0,0,0,9,0,14,0,4,0,1,0,0,0,2,0,0,0,0,0,0,0,0,0,0,0,0,0,0,0,0,1,1,0,2,0,0,0,0,0,0,0,0,0,2,0,96,0,102,2,182,0,17,0,2,0,5,0,1,0,60,0,6,0,31,0,124,0,3,0,60,1,0,0,1,1,9,2,181,0,1,0,0,1,70,0,6,0,1,1,0
0,0,0,0,0,0,0,0,0,0,0,0,0,0,0,0,0,0,0,0,0,0,0,0,0,0,0,0,0,0,0,0,0,0,0,0,0,0,0,0,0,0,0,0,0,0,0,0,0,0,0,0,0,0,0,0,0,0,0,0,0,0,0,0,0,0,0,0,0,0,0,0,0,0,0,0,0,0,0,0,0,0,0,0,0,0,0,0,0,0,0,0,0,0,0,0,0,0,0,0,0,0,0,0,0,0,0,0,0,0,0,0,0,0,0,0,0,0,0,0,0,0,0,0,0,0,0,0,0,0,0,0,0,0,0,0,0,0,0,0,0,0,0,0,0,0,0,0,0,0,0,0,0,0,0,0,0,0,0,0,0,0,0,0,0,0,0,0,0,0
0,0,0,0,0,0,0,0,0,0,0,0,0,0,0,0,0,0,0,0,0,0,0,0,0,0,0,0,0,0,0,0,0,0,0,0,0,0,0,0,0,0,0,0,0,0,0,0,0,0,0,0,0,0,0,0,0,0,0,0,0,0,0,0,0,0,0,0,0,0,0,0,0,0,0,0,0,0,0,0,0,0,0,0,0,0,0,0,0,0,0,0,0,0,0,0,0,0,0,0,0,0,0,0,0,0,0,0,0,0,0,0,0,0,0,0,0,0,0,0,0,0,0,0,0,0,0,0,0,0,0,0,0,0,0,0,0,0,0,0,0,0,0,0,0,0,0,0,0,0,0,0,0,0,0,0,0,0,0,0,0,0,0,0,0,0,0,0,0,0
46,0,0,0,0,0,103,0,1,0,0,0,704,0,0,0,0,0,0,0,0,0,0,0,0,0,0,0,0,0,0,0,70,0,0,0,1,0,45,0,73,0,6,0,2,0,3,1,7,0,7,0,0,0,7,0,7,0,2,0,135,0,0,0,0,0,1,0,0,0,3,2,0,0,3,0,67,0,72,0,0,0,0,0,579,0,0,0,31,0,0,0,2,0,0,0,0,0,0,0,0,0,0,0,0,0,0,0,0,0,0,0,0,0,0,0,0,0,0,0,1,0,0,0,2,0,35,0,26,0,0,0,1,0,3,0,0,0,0,0,0,0,1,0,7,0,0,0,3,0,0,0,0,0,0,0,2,0,0,1,0,0,5,0,0,0,0,0,0,0
0,37,0,1,0,0,0,10,0,1,0,0,0,73,0,0,0,0,0,0,0,0,0,0,0,0,0,0,0,0,0,0,0,67,0,0,0,1,0,4,0,153,0,0,0,0,0,0,0,2,0,1,0,0,0,2,0,0,0,9,0,7,0,0,0,0,0,4,0,1,0,5,0,0,0,0,0,23,0,9,0,0,0,0,0,771,0,0,0,25,0,0,0,9,0,0,0,0,0,0,0,0,0,0,0,0,0,0,0,0,0,0,0,0,0,0,0,0,0,0,0,0,0,0,0,0,0,3,0,3,0,0,0,0,0,0,0,0,0,0,0,0,0,0,0,0,0,0,0,0,0,0,0,0,0,0,0,0,0,0,0,0,0,1,0,0,0,0,0,0
72,0,0,0,5,0,154,0,0,0,0,0,913,0,0,0,0,0,0,0,0,0,0,0,0,0,0,0,0,0,0,0,122,0,0,0,1,0,41,0,346,0,12,0,0,0,3,2,6,0,23,0,0,0,247,0,80,0,238,0,855,0,0,0,168,0,929,0,250,0,8,2,0,0,4,0,39,0,24,0,0,0,579,0,0,0,416,0,7413,0,0,0,1226,0,0,0,0,0,0,0,0,0,0,0,0,0,0,0,0,0,0,0,0,0,0,0,0,0,0,0,0,0,0,0,3,0,26,1,6,0,0,0,2,0,3,0,0,0,0,0,0,0,0,0,1,0,0,0,0,0,0,0,0,0,0,0,0,0,0,0,0,0,2,0,1,0,0,0,0,0
0,10,0,0,0,0,0,4,0,0,0,0,0,121,0,0,0,0,0,0,0,0,0,0,0,0,0,0,0,0,0,0,0,364,0,0,0,0,0,2,0,1266,1,11,0,1,0,10,0,0,0,10,0,0,0,45,0,33,0,814,0,180,0,0,0,13,0,1087,0,521,0,6,0,0,0,1,0,148,0,14,0,0,0,771,0,0,0,951,0,5613,0,47,0,767,0,0,0,0,0,0,0,0,0,0,0,0,0,0,0,0,2,0,0,0,0,0,0,0,0,0,0,0,0,0,0,2,2,0,0,3,0,1,0,0,0,0,0,0,0,1,0,0,0,2,0,2,0,0,0,0,0,0,0,0,0,0,0,0,0,0,0,0,1,1,0,0,0,0,0,0
0,0,0,0,7,0,83,0,66,0,1,0,194,0,1,0,30,0,0,0,0,0,4,0,1,0,0,0,1,0,0,0,354,0,0,0,0,0,0,0,450,0,126,0,274,0,0,0,0,0,0,0,0,0,0,0,0,0,585,0,0,0,0,0,0,0,0,0,0,0,0,0,0,0,1,0,589,0,2,0,0,0,0,0,416,0,0,0,1272,0,2055,0,753,0,0,0,0,0,0,0,0,0,0,0,0,0,0,0,0,0,0,0,0,0,0,0,0,0,0,0,0,0,0,0,0,0,0,0,0,0,0,0,0,0,0,0,0,0,0,0,0,0,0,0,0,0,0,0,0,0,0,0,0,0,2,2,2,0,0,0,0,0,0,0,0,0,0,0,0,0
0,0,0,4,0,2,0,2,0,4,0,2,0,11,0,1,0,1,0,0,0,0,0,1,0,0,0,0,0,39,0,0,0,197,0,0,0,0,0,0,0,357,0,550,0,825,0,0,0,0,0,0,0,0,0,0,0,0,0,1058,0,0,0,0,0,0,0,0,0,0,0,0,0,0,0,10,0,551,0,4,0,0,0,0,0,951,0,0,0,605,0,2578,0,1408,0,0,0,0,0,0,0,0,0,0,0,0,0,0,0,0,0,0,0,0,0,0,0,0,0,0,0,0,0,0,0,0,0,0,0,0,0,0,0,0,0,0,0,0,0,0,0,0,0,0,0,0,0,0,0,0,0,0,0,0,0,4,0,0,0,0,0,0,0,0,0,0,0,0,0,0
0,0,0,0,0,0,0,0,0,0,0,0,45,0,0,0,1,0,0,0,0,0,0,0,0,0,0,0,0,0,0,0,46,0,0,0,0,0,0,0,399,0,16,0,65,0,30,0,0,0,97,0,2,0,3201,0,427,0,840,0,4,0,0,0,41,0,58,0,930,0,2,0,0,0,0,0,48,0,2,0,0,0,31,0,7413,0,1272,0,0,0,628,0,7681,0,1,0,0,0,0,0,0,0,1,0,0,0,0,0,0,0,0,0,0,0,0,0,0,0,0,0,0,0,0,0,0,0,1,0,0,0,0,0,0,0,0,0,0,0,0,0,0,0,0,0,0,0,0,0,0,0,0,0,0,0,0,0,0,0,0,0,0,0,0,0,0,0,0,0,0,0
0,0,0,0,0,0,0,0,0,0,0,1,0,0,0,0,0,0,0,0,0,0,0,0,0,0,0,0,0,0,0,0,0,30,0,0,0,0,0,0,0,382,0,49,0,6,0,563,0,15,0,154,0,106,0,2108,0,465,0,1462,0,6,0,0,0,26,0,98,0,572,0,2,0,0,0,0,0,27,0,1,0,0,0,25,0,5613,0,605,0,0,0,412,0,9949,0,3,0,0,0,0,0,0,0,0,0,0,0,0,0,0,0,0,0,0,0,0,0,0,0,0,0,0,0,0,0,0,0,0,0,0,0,0,0,0,0,0,0,0,0,0,0,0,0,0,0,0,0,0,0,0,0,0,0,0,0,0,0,0,0,0,0,0,0,0,0,0,0,0,0,0
0,0,0,0,0,0,0,0,0,0,0,0,0,0,0,0,0,0,0,0,0,0,0,0,0,0,0,0,0,0,0,0,0,0,0,0,0,0,0,0,20,0,36,0,40,0,0,0,0,0,0,0,0,0,0,0,0,0,1114,0,0,0,0,0,0,0,0,0,0,0,0,0,0,0,0,0,0,0,0,0,0,0,0,0,0,0,2055,0,628,0,0,0,3931,0,0,0,0,0,0,0,0,0,0,0,0,0,0,0,0,0,0,0,0,0,0,0,0,0,0,0,0,0,0,0,0,0,0,0,0,0,0,0,0,0,0,0,0,0,0,0,0,0,0,0,0,0,0,0,0,0,0,0,0,0,0,0,0,0,0,0,0,0,0,0,0,0,0,0,0,0
0,0,0,0,0,0,0,0,0,0,0,0,0,3,0,0,0,0,0,0,0,0,0,0,0,0,0,0,0,15,0,0,0,1,0,0,0,0,0,0,0,27,0,130,0,12,0,0,0,0,0,0,0,0,0,0,0,0,0,782,0,0,0,0,0,0,0,0,0,0,0,0,0,0,0,0,0,5,0,0,0,0,0,0,0,47,0,2578,0,412,0,0,0,1960,0,0,0,0,0,0,0,0,0,0,0,0,0,0,0,0,0,0,0,0,0,0,0,0,0,0,0,0,0,0,0,0,0,0,0,0,0,0,0,0,0,0,0,0,0,0,0,0,0,0,0,0,0,0,0,0,0,0,0,0,0,0,0,0,0,0,0,0,0,0,0,0,0,0,0,0
0,0,0,0,0,0,1,0,0,0,1,0,0,0,0,0,0,0,0,0,0,0,0,0,0,0,0,0,0,0,0,0,143,0,0,0,0,0,0,0,1070,0,130,0,86,0,5,0,0,0,8,0,0,0,221,0,661,0,3527,0,0,0,0,0,0,0,0,0,1,0,0,0,0,0,0,0,114,0,6,0,0,0,2,0,1226,0,753,0,7681,0,3931,0,0,0,47,0,0,0,0,0,0,0,1,0,0,0,0,0,0,0,0,0,0,0,0,0,0,0,0,0,0,0,0,0,0,0,1,0,1,0,0,0,0,0,0,0,0,0,3,0,0,0,1,0,1,0,0,0,0,0,0,0,0,0,0,0,0,0,0,0,0,0,1,0,0,0,0,0,0,0
0,0,0,0,0,0,0,1,0,1,0,0,0,0,0,0,0,0,0,0,0,0,0,0,0,0,0,0,1,1,0,0,0,67,0,0,0,0,0,0,0,578,0,69,0,51,0,6,0,0,0,47,0,2,0,127,0,926,0,2992,0,0,0,0,0,0,0,0,0,1,0,0,0,0,0,0,0,80,0,2,0,0,0,9,0,767,0,1408,0,9949,0,1960,0,0,0,175,0,2,0,0,0,1,0,3,0,1,0,1,0,0,0,0,0,0,0,0,0,0,0,0,0,0,0,0,0,0,0,0,0,0,0,0,0,0,0,0,0,0,0,0,0,0,0,0,0,0,0,0,0,0,0,0,0,0,0,0,0,0,0,0,0,0,0,0,0,0,0,0,0,0
0,0,0,0,0,0,0,0,0,0,0,0,0,0,0,0,0,0,0,0,0,0,0,0,0,0,0,0,0,0,0,0,0,0,0,0,0,0,0,0,1,0,0,0,0,0,0,0,0,0,97,0,0,0,0,0,1,0,63,0,0,0,0,0,0,0,0,0,0,0,0,0,0,0,0,0,0,0,0,0,0,0,0,0,0,0,0,0,1,0,0,0,47,0,0,4,3940,2,15,1,209,1,2456,42,289,0,776,1,24,2,1,0,0,0,2,16,312,44,2,0,0,0,0,0,0,0,0,0,0,0,0,0,0,0,0,0,0,0,0,0,0,0,0,0,0,0,0,0,0,0,0,0,0,0,0,0,0,0,0,0,0,0,0,0,0,0,0,1,0,1
0,0,0,0,0,0,0,0,0,0,0,0,0,0,0,0,0,0,0,0,0,0,0,0,0,0,0,0,0,0,0,0,0,0,0,0,0,0,0,0,0,0,0,1,0,0,0,0,0,0,0,1,0,0,0,0,0,0,0,0,0,0,0,0,0,0,0,0,0,0,0,0,0,0,0,0,0,0,0,0,0,0,0,0,0,0,0,0,0,3,0,0,0,175,4,0,1,1900,0,28,1,238,0,2584,0,377,1,1154,0,63,0,0,0,1,8,11,56,17,3,0,0,0,0,0,0,0,0,0,0,0,0,0,0,0,0,0,0,0,0,0,0,0,0,0,0,0,0,0,0,0,0,0,0,0,0,0,0,0,0,0,0,0,0,0,0,0,0,0,0,0
0,0,0,0,0,0,0,0,0,0,0,0,0,0,0,0,0,0,0,0,0,0,0,0,0,0,0,0,0,0,0,0,0,0,0,0,0,0,0,0,0,0,0,0,0,0,0,0,0,0,0,0,0,0,0,0,0,0,0,0,0,0,0,0,0,0,0,0,0,0,0,0,0,0,0,0,0,0,0,0,0,0,0,0,0,0,0,0,0,0,0,0,0,0,3940,1,0,21,19,0,137,1,863,8,2713,4,1164,3,25,0,1,0,2,0,3,6,147,93,1,0,0,0,0,0,0,0,0,0,0,0,0,0,0,0,0,0,0,0,0,0,0,0,0,0,0,0,0,0,0,0,0,0,0,0,0,0,0,0,0,0,0,0,0,0,1,0,0,1,0,0
0,0,0,0,0,0,0,0,0,0,0,0,0,0,0,0,0,0,0,0,0,0,0,0,0,0,0,0,0,0,0,0,0,0,0,0,0,0,0,0,0,0,0,0,0,0,0,0,0,0,0,0,0,0,0,0,0,0,0,0,0,0,0,0,0,0,0,0,0,0,0,0,0,0,0,0,0,0,0,0,0,0,0,0,0,0,0,0,0,0,0,0,0,2,2,1900,21,0,0,11,1,76,2,466,2,2360,8,1068,0,36,0,1,0,0,2,6,23,79,4,0,0,0,0,0,0,0,0,0,0,0,0,0,0,0,0,0,0,0,0,0,0,0,0,1,0,0,0,0,0,0,0,0,0,0,0,0,0,0,0,0,0,0,0,0,0,0,0,0,0,0
0,0,0,0,0,0,0,0,0,0,0,0,0,0,0,0,0,0,0,0,0,0,0,0,0,0,0,0,0,0,0,0,0,0,0,0,0,0,0,0,5,1,4,0,0,0,0,0,0,0,2,0,0,0,0,0,0,0,0,0,0,0,0,0,0,0,0,0,0,0,0,0,0,0,0,0,1,0,0,0,0,0,0,0,0,0,0,0,0,0,0,0,0,0,15,0,19,0,0,10,250,6,73,1,23,0,481,0,753,16,504,11,70,70,58,4,0,5,7,102,1,0,0,0,4,1,3,1,2,1,2,2,0,0,0,0,0,0,0,0,1,0,0,0,2,3,0,0,1,0,0,0,0,0,0,0,0,0,1,0,0,1,1,0,8,4,174,14,20,15
0,0,0,0,0,0,0,0,0,0,0,0,0,0,0,0,0,0,0,0,0,0,0,0,0,0,0,0,0,0,0,0,0,0,0,0,0,0,0,0,3,3,0,32,0,0,0,0,0,0,0,6,0,0,0,0,0,0,0,0,0,0,0,0,0,0,0,0,0,0,0,0,0,0,0,0,0,0,0,0,0,0,0,0,0,0,0,0,0,0,0,0,0,0,1,28,0,11,10,0,25,509,0,147,0,5,8,748,12,828,40,704,10,44,88,34,0,7,66,30,1,0,0,0,1,1,1,0,1,6,2,1,0,0,1,4,0,0,0,3,1,2,1,3,0,1,0,0,0,0,0,0,0,0,0,0,0,0,0,1,1,2,0,0,2,4,3,270,13,12
0,0,0,0,0,0,0,0,0,0,0,0,0,0,0,0,0,0,0,0,0,0,0,0,0,0,0,0,0,0,0,0,0,0,0,0,0,0,0,0,12,3,82,2,0,0,0,0,0,0,9,0,0,0,0,0,0,0,0,0,0,0,0,0,0,0,0,0,0,0,0,0,0,0,1,0,1,0,7,0,0,0,0,0,0,0,0,0,0,0,0,0,0,0,209,1,137,1,250,25,0,103,1127,6,216,1,1331,14,418,7,465,6,8,141,730,210,7,64,82,38,4,0,0,0,4,1,3,5,3,3,3,5,0,0,6,3,0,2,1,2,4,2,2,0,10,4,0,0,0,0,0,0,0,0,0,0,0,0,2,2,0,1,3,1,14,11,8,2,9,3
0,0,0,0,0,0,0,0,0,0,0,0,0,0,0,0,0,0,0,0,0,0,0,0,0,0,0,0,0,0,0,0,0,0,0,0,0,0,0,0,0,0,0,19,0,0,0,0,0,0,0,87,0,0,0,0,0,0,0,9,0,0,0,0,0,0,0,0,0,0,0,0,0,0,0,0,0,0,0,0,0,0,0,0,0,0,0,0,0,0,0,0,0,1,1,238,1,76,6,509,103,0,3,736,1,32,15,1331,23,137,3,177,2,12,711,173,5,45,93,42,0,0,0,0,0,0,0,1,0,1,0,0,0,0,0,0,0,0,0,1,0,0,0,0,0,0,0,0,0,0,0,0,0,0,0,0,0,0,0,0,0,0,0,0,0,0,1,0,1,1
0,0,0,0,0,0,0,0,0,0,0,0,0,0,0,0,0,0,0,0,0,0,0,0,0,0,0,0,0,0,0,0,0,0,0,0,0,0,0,0,0,0,1,0,0,0,16,0,0,0,123,0,0,0,11,0,2,0,10,0,0,0,0,0,0,0,0,0,0,0,0,0,0,0,0,0,0,0,0,0,0,0,0,0,0,0,0,0,1,0,0,0,1,0,2456,0,863,2,73,0,1127,3,0,29,277,0,1198,2,36,3,3,0,2,1,50,233,249,104,10,0,0,0,0,0,0,0,0,0,0,1,0,1,0,0,0,0,0,0,0,0,1,0,0,0,0,0,0,0,0,0,0,0,0,0,0,0,0,0,0,0,0,0,0,0,0,0,2,2,0,1
0,0,0,0,0,0,0,0,0,0,0,0,0,0,0,0,0,0,0,0,0,0,0,0,0,0,0,0,0,0,0,0,0,0,0,0,0,0,0,0,0,0,0,4,0,0,26,3,0,0,0,10,0,0,0,0,0,0,0,10,0,0,0,0,0,0,0,0,0,0,0,0,0,0,0,0,0,0,0,0,0,0,0,0,0,0,0,0,0,0,0,0,0,3,42,2584,8,466,1,147,6,736,29,0,0,128,17,1599,3,132,2,4,0,2,30,448,480,64,14,0,0,0,0,0,0,0,0,0,0,1,0,0,0,0,0,0,0,0,0,0,0,0,0,0,0,0,0,0,0,0,0,0,0,0,0,0,0,0,0,0,0,0,0,0,0,1,0,5,1,4
0,0,0,0,0,0,0,0,0,0,0,0,0,0,0,0,0,0,0,0,0,0,0,0,0,0,0,0,0,0,0,0,0,0,0,0,0,0,0,0,0,0,0,0,0,0,0,0,0,0,0,0,0,0,0,0,0,0,0,0,0,0,0,0,0,0,0,0,0,0,0,0,0,0,0,0,0,0,0,0,0,0,0,0,0,0,0,0,0,0,0,0,0,0,289,0,2713,2,23,0,216,1,277,0,0,0,2023,2,33,1,4,0,0,0,3,4,14,29,1,0,0,0,0,0,0,0,0,0,0,0,0,0,0,0,0,0,0,0,0,0,0,0,1,0,0,0,0,0,0,0,0,0,0,0,0,0,0,0,0,0,0,0,0,0,0,0,1,0,0,1
0,0,0,0,0,0,0,0,0,0,0,0,0,0,0,0,0,0,0,0,0,0,0,0,0,0,0,0,0,0,0,0,0,0,0,0,0,0,0,0,0,0,0,0,0,0,0,0,0,0,0,0,0,0,0,0,0,0,0,0,0,0,0,0,0,0,0,0,0,0,0,0,0,0,0,0,0,0,0,0,0,0,0,0,0,0,0,0,0,0,0,0,0,1,0,377,4,2360,0,5,1,32,0,128,0,0,5,2341,1,23,0,0,0,0,1,3,2,17,2,0,0,0,0,0,0,0,0,0,0,0,0,0,0,0,0,0,0,0,0,0,0,0,0,0,0,0,0,0,0,0,0,0,0,0,0,0,0,0,0,0,0,0,0,0,0,0,0,0,0,0
0,0,0,0,0,0,0,0,0,0,0,0,0,0,0,0,0,0,0,0,0,0,0,0,0,0,0,0,0,0,0,0,0,0,0,0,0,0,0,0,2,2,6,0,0,0,0,0,0,0,1,1,0,0,0,0,0,0,0,0,0,0,0,0,0,0,0,0,0,0,0,0,0,0,1,0,0,0,0,0,0,0,0,0,0,0,0,0,0,0,0,0,0,0,776,1,1164,8,481,8,1331,15,1198,17,2023,5,0,12,4260,18,131,2,4,8,30,89,175,1097,86,3,0,0,0,0,3,0,0,1,1,0,0,0,0,0,0,0,0,0,1,0,1,0,2,2,2,0,0,0,0,0,0,0,0,0,0,0,0,0,0,1,0,0,2,0,2,0,20,7,5,11
0,0,0,0,0,0,0,0,0,0,0,0,0,0,0,0,0,0,0,0,0,0,0,0,0,0,0,0,0,0,0,0,0,0,0,0,0,0,0,0,1,0,0,0,0,0,0,0,0,0,0,3,0,0,0,0,0,0,0,0,0,0,0,0,0,0,0,0,0,0,0,0,0,0,0,0,0,0,0,0,0,0,0,0,0,0,0,0,0,0,0,0,0,1,1,1154,3,1068,0,748,14,1331,2,1599,2,2341,12,0,6,3508,1,32,2,0,68,115,62,79,46,1,0,0,0,0,1,0,0,1,0,4,0,1,0,0,1,0,0,0,0,0,1,0,0,1,0,0,0,0,0,0,0,0,0,0,0,0,0,0,0,0,0,1,1,0,0,0,2,11,4,3
0,0,0,0,0,0,0,0,0,0,0,0,1,0,0,0,0,0,0,0,0,0,0,0,0,0,0,0,0,0,0,0,0,0,0,0,0,0,0,0,5,0,9,2,0,0,0,0,0,0,1,2,0,0,0,0,0,0,0,0,0,0,0,0,0,0,0,0,0,0,0,0,0,0,0,0,0,0,2,0,0,0,0,0,0,0,0,0,0,0,0,0,0,0,24,0,25,0,753,12,418,23,36,3,33,1,4260,6,0,127,205,15,15,16,64,21,8,229,153,118,0,0,2,0,2,1,2,1,5,3,2,1,0,0,3,2,0,0,2,2,2,1,5,2,12,1,0,0,0,0,0,0,0,0,0,0,0,0,1,2,0,1,2,0,6,3,66,24,23,26
0,0,0,0,0,0,0,0,0,0,0,0,0,0,0,0,0,0,0,0,0,0,0,0,0,0,0,0,0,0,0,0,1,0,0,0,0,0,0,0,3,10,1,28,0,0,0,0,0,0,1,11,0,0,0,0,0,0,0,0,0,0,0,0,0,0,0,0,0,0,0,0,0,0,2,0,0,0,1,0,0,0,0,0,0,0,0,0,0,0,0,0,0,0,2,63,0,36,16,828,7,137,3,132,1,23,18,3508,127,0,61,194,223,20,52,3,3,39,227,28,4,0,0,0,3,0,3,4,3,12,2,2,0,0,3,5,1,0,1,4,2,6,1,12,4,5,1,4,0,0,0,0,0,0,0,0,0,0,3,1,1,3,1,4,13,9,26,121,35,23
0,0,0,0,0,0,0,0,0,0,0,0,0,0,0,0,0,0,0,0,0,0,0,0,0,0,0,0,0,0,0,0,0,0,0,0,0,0,0,0,53,18,93,8,1,0,0,0,0,0,9,12,0,0,0,0,0,0,0,0,0,0,0,0,0,0,0,0,0,0,0,0,0,0,3,3,2,0,12,1,0,0,0,0,0,2,0,0,0,0,0,0,0,0,1,0,1,0,504,40,465,3,3,2,4,0,131,1,205,61,0,35,22,55,0,0,0,0,0,25,8,0,0,0,21,5,6,9,19,25,11,7,1,0,20,8,3,0,5,12,13,8,16,12,20,10,2,3,0,2,0,0,0,0,0,0,0,0,13,9,3,4,15,8,38,30,93,71,115,60
0,0,0,0,0,0,0,0,0,0,0,0,0,0,0,0,0,0,0,0,0,0,0,0,0,0,0,0,0,0,0,0,0,1,0,0,0,0,0,0,11,18,0,142,0,0,0,0,0,0,0,9,0,0,0,0,0,0,0,0,0,0,0,0,0,0,0,0,0,0,0,0,0,0,1,2,1,0,2,1,0,0,0,0,0,0,0,0,0,0,0,0,0,0,0,0,0,1,11,704,6,177,0,4,0,0,2,32,15,194,35,0,6,10,0,0,0,1,0,1,2,0,0,0,2,5,2,8,6,11,6,10,0,0,11,9,0,0,1,6,1,6,4,10,5,6,0,3,0,1,0,0,0,0,0,0,0,1,0,4,0,1,3,3,21,26,9,39,27,7
0,0,0,0,0,0,0,0,0,0,0,0,0,0,0,0,0,0,0,0,0,0,0,0,0,0,0,0,0,0,0,0,0,0,0,0,0,0,0,0,0,2,0,0,0,0,0,0,0,0,0,4,0,0,0,0,0,0,0,0,0,0,0,0,0,0,0,0,0,0,0,0,0,0,0,0,0,1,0,0,0,0,0,0,0,0,0,0,0,0,0,0,0,0,0,0,2,0,70,10,8,2,2,0,0,0,4,2,15,223,22,6,0,26,1,1,0,0,6,24,0,0,0,0,0,0,0,0,0,0,0,0,0,0,0,0,0,0,0,0,0,2,1,0,0,0,0,0,0,0,0,0,0,0,0,0,0,0,0,0,0,1,0,0,1,0,12,103,0,40
0,0,0,0,0,0,0,0,0,0,0,0,0,0,0,0,0,0,0,0,0,0,0,0,0,0,0,0,0,0,0,0,0,0,0,0,0,0,0,0,7,12,1,3,0,0,0,0,0,0,28,64,0,0,0,0,0,0,0,0,0,0,0,0,0,0,0,0,0,0,0,0,0,0,0,0,0,2,0,2,0,0,0,0,0,0,0,0,0,0,0,0,0,0,0,1,0,0,70,44,141,12,1,2,0,0,8,0,16,20,55,10,26,0,443,1,0,0,19,53,0,0,0,0,1,1,1,4,6,19,1,2,0,0,2,1,0,0,4,6,13,17,12,18,17,7,0,1,0,1,0,0,0,0,0,0,0,0,1,1,0,0,0,4,8,4,35,56,68,73
0,0,0,0,0,0,0,0,0,0,0,0,0,0,0,0,0,0,0,0,0,0,0,0,0,0,0,0,0,0,0,0,0,0,0,0,0,0,4,0,0,0,0,0,0,0,1,19,0,0,0,127,0,0,0,0,0,0,0,0,0,0,0,0,0,0,0,0,0,0,1,0,0,0,0,0,0,0,0,0,0,0,0,0,0,0,0,0,0,0,0,0,0,0,2,8,3,2,58,88,730,711,50,30,3,1,30,68,64,52,0,0,1,443,0,273,0,30,390,136,0,0,0,0,0,0,0,0,0,0,0,0,0,0,0,0,0,0,0,0,0,0,0,0,0,0,0,0,0,0,0,0,0,0,0,0,0,0,0,0,0,0,0,0,0,0,0,0,0,0
0,0,0,0,0,0,0,0,0,0,0,0,0,0,0,0,0,0,0,0,0,0,0,0,0,0,0,0,0,0,0,0,0,0,0,0,0,0,0,0,0,0,0,0,0,0,0,2,0,0,0,5,0,0,0,0,0,0,0,0,0,0,0,0,0,0,0,0,0,0,0,0,0,0,0,0,0,0,0,0,0,0,0,0,0,0,0,0,0,0,0,0,0,0,16,11,6,6,4,34,210,173,233,448,4,3,89,115,21,3,0,0,1,1,273,0,172,150,231,4,0,0,0,0,0,0,0,0,0,0,0,0,0,0,0,0,0,0,0,0,0,0,0,0,0,0,0,0,0,0,0,0,0,0,0,0,0,0,0,0,0,0,0,0,0,0,0,0,0,0
0,0,0,0,0,0,0,0,0,0,0,0,0,0,0,0,0,0,0,0,0,0,0,0,0,0,0,0,0,0,0,0,0,0,0,0,0,0,0,0,0,0,0,0,0,0,0,0,0,0,0,0,0,0,0,0,0,0,0,0,0,0,0,0,0,0,0,0,0,0,0,0,0,0,0,0,0,0,0,0,0,0,0,0,0,0,0,0,0,0,0,0,0,0,312,56,147,23,0,0,7,5,249,480,14,2,175,62,8,3,0,0,0,0,0,172,0,171,14,0,0,0,0,0,0,0,0,0,0,0,0,0,0,0,0,0,0,0,0,0,0,0,0,0,0,0,0,0,0,0,0,0,0,0,0,0,0,0,0,0,0,0,0,0,0,0,0,0,0,0
0,0,0,0,0,0,0,0,0,0,0,0,0,0,0,0,0,0,0,0,0,0,0,0,0,0,0,0,0,0,0,0,0,0,0,0,0,0,0,0,0,0,0,0,0,0,0,0,0,0,0,0,0,0,0,0,0,0,0,0,0,0,0,0,0,0,0,0,0,0,0,0,0,0,0,0,0,0,0,0,0,0,0,0,0,0,0,0,0,0,0,0,0,0,44,17,93,79,5,7,64,45,104,64,29,17,1097,79,229,39,0,1,0,0,30,150,171,0,540,1,0,0,0,0,0,0,0,0,0,0,0,0,0,0,0,0,0,0,0,0,0,0,0,0,0,0,0,0,0,0,0,0,0,0,0,0,0,0,0,0,0,0,0,0,0,0,0,0,0,0
0,0,0,0,0,0,0,0,0,0,0,0,0,0,0,0,0,0,0,0,0,0,0,0,0,0,0,0,0,0,0,0,0,0,0,0,0,0,0,0,0,0,0,0,0,0,0,0,0,0,0,0,0,0,0,0,0,0,0,0,0,0,0,0,0,0,0,0,0,0,0,0,0,0,0,0,0,0,0,0,0,0,0,0,0,0,0,0,0,0,0,0,0,0,2,3,1,4,7,66,82,93,10,14,1,2,86,46,153,227,0,0,6,19,390,231,14,540,0,11,0,0,0,0,0,0,0,0,0,0,0,0,0,0,0,0,0,0,0,0,0,0,0,0,0,0,0,0,0,0,0,0,0,0,0,0,0,0,0,0,0,0,0,0,0,0,1,0,0,0
0,0,0,0,0,0,0,0,0,0,0,0,0,0,0,0,0,0,0,0,0,0,0,0,0,0,0,0,0,0,0,0,0,0,0,0,0,0,0,0,0,1,0,0,0,0,0,0,0,0,0,0,0,0,0,0,0,0,0,0,0,0,0,0,0,0,0,0,0,0,0,0,0,0,0,0,0,0,0,0,0,0,0,0,0,0,0,0,0,0,0,0,0,0,0,0,0,0,102,30,38,42,0,0,0,0,3,1,118,28,25,1,24,53,136,4,0,1,11,0,0,0,0,0,0,0,0,0,0,1,0,1,0,0,0,0,0,0,0,0,0,0,0,1,0,0,0,0,0,0,0,0,0,0,0,0,0,0,0,0,0,0,0,0,1,0,4,2,0,0
0,0,0,0,0,0,0,0,0,0,0,0,4,0,0,0,0,0,0,0,0,0,0,0,0,0,0,0,0,0,0,0,2,0,0,0,0,0,1,0,3,0,0,0,0,0,0,0,0,0,2,1,0,0,0,0,0,0,0,0,0,0,0,0,0,0,0,0,0,0,0,0,0,0,79,0,0,0,0,0,0,0,1,0,0,0,0,0,0,0,0,0,0,0,0,0,0,0,1,1,4,0,0,0,0,0,0,0,0,4,8,2,0,0,0,0,0,0,0,0,0,0,0,0,2,0,4,2,5,0,3,0,0,0,115,2,0,0,1,0,3,0,0,0,4,0,1,0,2,0,0,0,0,0,0,0,0,0,1,0,1,0,0,0,9,1,0,1,9,6
0,0,0,0,0,0,0,0,0,0,0,0,0,0,0,0,0,0,0,0,0,0,0,0,0,0,0,0,0,0,0,0,0,1,0,0,0,0,0,0,0,1,0,0,0,0,0,0,0,0,0,0,0,0,0,0,0,0,0,0,0,0,0,0,0,0,0,0,0,0,0,0,0,0,24,1,0,0,0,0,0,0,0,0,0,0,0,0,0,0,0,0,0,0,0,0,0,0,0,0,0,0,0,0,0,0,0,0,0,0,0,0,0,0,0,0,0,0,0,0,0,0,0,0,0,2,0,0,0,0,0,0,0,0,0,47,0,0,0,0,0,0,0,0,0,0,0,0,0,0,0,0,0,0,0,0,0,0,0,0,0,0,0,0,0,1,0,0,1,0
0,0,0,0,0,0,0,0,0,0,0,0,0,0,0,0,0,0,0,0,0,0,0,0,0,0,0,0,0,0,0,0,1,0,0,0,0,0,0,0,3,0,0,0,0,0,0,0,0,0,0,0,0,0,0,0,0,0,0,0,0,0,0,0,0,0,0,0,0,0,0,0,0,0,1,0,0,0,0,0,0,0,0,0,0,0,0,0,0,0,0,0,0,0,0,0,0,0,0,0,0,0,0,0,0,0,0,0,2,0,0,0,0,0,0,0,0,0,0,0,0,0,0,0,0,0,0,0,0,0,0,0,0,0,1,0,0,0,0,0,0,0,0,1,3,0,0,0,0,0,0,0,0,0,0,0,0,0,0,0,0,0,0,0,1,0,1,0,2,0
0,0,0,0,0,0,0,0,0,0,0,0,0,0,0,0,0,0,0,0,0,0,0,0,0,0,0,0,0,0,0,0,0,0,0,0,0,0,0,0,0,2,0,0,0,0,0,0,0,0,0,0,0,0,0,0,0,0,0,0,0,0,0,0,0,0,0,0,0,0,0,0,0,0,0,0,0,1,0,2,0,0,0,0,0,0,0,0,0,0,0,0,0,0,0,0,0,0,0,0,0,0,0,0,0,0,0,0,0,0,0,0,0,0,0,0,0,0,0,0,0,0,0,0,0,0,0,1,0,0,0,1,0,0,0,0,0,0,0,0,0,0,0,0,0,0,0,0,0,0,0,0,0,0,0,0,0,0,0,0,0,0,0,0,0,0,0,0,1,0
3,0,0,0,0,0,0,0,0,0,0,0,20,0,0,0,1,0,0,0,0,0,0,0,0,0,0,0,0,0,0,0,30,0,0,0,2,0,5,0,43,1,5,3,21,0,0,0,0,0,6,0,0,0,0,0,0,0,0,0,11,0,0,0,0,0,1,0,0,0,0,0,0,0,227,0,249,1,295,0,0,0,2,0,3,0,0,0,0,0,0,0,0,0,0,0,0,0,4,1,4,0,0,0,0,0,3,1,2,3,21,2,0,1,0,0,0,0,0,0,2,0,0,0,0,4,59,2,23,4,5,0,20,0,5,1,4,0,3,2,4,2,2,0,9,2,1,0,4,0,0,0,0,0,0,0,7,0,37,6,14,0,51,0,26,3,1,1,15,5
0,17,0,5,0,3,0,11,0,4,0,1,0,1,0,0,0,5,0,0,0,0,0,0,0,0,0,0,0,0,0,0,0,5,0,0,0,2,0,0,4,92,0,0,0,23,0,0,0,0,0,0,0,0,0,0,0,0,0,0,0,6,0,0,0,0,0,2,0,0,0,0,0,0,0,535,1,67,2,96,0,0,0,0,0,2,0,0,0,0,0,0,0,0,0,0,0,0,1,1,1,0,0,0,0,0,0,0,1,0,5,5,0,1,0,0,0,0,0,0,0,2,0,0,4,0,1,58,2,52,0,42,0,51,0,28,0,16,0,12,0,2,1,8,2,13,0,2,0,12,0,0,0,0,0,3,0,153,1,16,0,11,0,59,1,56,0,1,3,2
6,0,0,0,0,0,0,0,0,0,0,0,105,0,1,0,1,0,0,0,0,0,0,0,0,0,0,0,0,0,0,0,267,1,0,0,1,0,46,1,72,2,8,1,33,0,1,2,3,0,3,0,0,0,0,0,0,0,1,0,30,0,0,0,1,0,15,0,0,0,1,3,0,0,288,0,177,0,101,0,0,0,35,0,26,2,0,0,1,0,0,0,1,0,0,0,0,0,3,1,3,0,0,0,0,0,0,0,2,3,6,2,0,1,0,0,0,0,0,0,4,0,0,0,59,1,0,1,100,6,10,0,16,0,6,1,4,0,4,2,4,0,9,3,30,0,1,0,8,0,0,0,0,0,0,0,0,0,9,1,2,2,84,0,23,1,0,1,11,2
0,25,0,0,0,0,0,4,0,2,0,0,0,6,0,1,0,0,0,0,0,0,0,0,0,0,0,0,0,0,0,0,0,35,0,0,0,2,0,3,9,93,2,1,0,1,0,0,0,0,1,4,0,0,0,0,0,0,0,0,0,22,0,0,0,0,0,12,0,0,0,3,0,0,0,481,1,70,10,102,0,0,0,3,1,0,0,0,0,0,0,0,0,0,0,0,0,0,1,0,5,1,0,0,0,0,1,1,1,4,9,8,0,4,0,0,0,0,0,0,2,0,0,1,2,58,1,0,2,95,1,22,0,4,1,11,0,5,1,13,0,8,1,13,2,50,0,0,0,12,0,0,0,0,0,0,0,9,1,25,0,27,0,115,7,39,3,3,25,6
2,0,0,0,0,0,0,0,0,0,0,0,46,0,0,0,0,0,1,0,0,0,0,0,0,0,0,0,0,0,0,0,77,2,0,0,4,0,37,0,118,2,6,2,4,0,1,3,1,1,3,2,0,0,1,0,1,0,0,0,4,0,0,0,0,0,8,0,0,0,4,2,0,0,187,2,31,0,54,2,0,0,26,0,6,0,0,0,0,0,0,0,1,0,0,0,0,0,2,1,3,0,0,0,0,0,1,0,5,3,19,6,0,6,0,0,0,0,0,0,5,0,0,0,23,2,100,2,0,2,14,0,4,0,25,1,0,0,4,1,5,1,5,1,29,0,0,1,32,1,0,0,0,0,0,0,0,0,8,2,3,0,61,1,48,1,0,0,42,8
0,8,0,0,0,0,0,1,0,0,0,0,0,0,0,0,0,0,0,0,0,0,0,0,0,0,0,0,0,0,0,0,0,13,0,0,0,0,0,0,11,174,1,4,0,0,0,0,0,0,0,5,0,0,0,0,0,0,0,0,0,3,0,0,0,0,0,6,0,0,0,2,0,0,0,236,2,40,3,182,0,0,0,3,0,3,0,0,0,0,0,0,0,0,0,0,0,0,1,6,3,1,1,1,0,0,0,4,3,12,25,11,0,19,0,0,0,0,0,1,0,0,0,0,4,52,6,95,2,0,1,17,0,2,5,24,0,1,0,5,0,3,0,4,2,52,0,0,1,27,0,0,0,0,0,0,0,0,4,16,0,13,2,55,12,40,2,3,71,18
0,0,0,0,0,0,0,0,0,0,0,0,5,0,0,0,0,0,0,0,0,0,0,0,0,0,0,0,0,0,0,0,9,0,0,0,0,0,4,0,17,0,0,0,0,0,0,2,0,0,1,0,0,0,0,0,0,0,0,0,2,0,0,0,0,0,0,0,0,0,0,0,0,0,31,1,5,0,24,0,0,0,0,0,0,0,0,0,0,0,0,0,0,0,0,0,0,0,2,2,3,0,0,0,0,0,0,0,2,2,11,6,0,1,0,0,0,0,0,0,3,0,0,0,5,0,10,1,14,1,0,0,1,0,4,1,0,0,1,1,1,0,3,1,17,0,0,0,4,0,0,0,0,0,0,0,0,0,5,0,1,0,3,0,22,2,1,3,32,4
0,6,0,0,0,3,0,1,0,0,0,0,0,0,0,0,0,0,0,0,0,0,0,0,0,0,0,0,0,0,0,0,0,5,0,0,0,0,0,1,2,21,0,2,0,0,0,0,0,0,0,2,0,0,0,0,0,0,0,0,0,5,0,0,0,0,0,4,0,0,0,0,0,0,0,191,0,17,0,17,0,0,0,0,0,1,0,0,0,0,0,0,0,0,0,0,0,0,2,1,5,0,1,0,0,0,0,1,1,2,7,10,0,2,0,0,0,0,0,1,0,0,0,1,0,42,0,22,0,17,0,0,0,0,2,4,0,0,0,5,0,5,0,24,2,13,0,0,0,1,0,0,0,0,0,0,0,1,0,5,0,4,0,3,4,20,0,0,16,3
0,0,0,0,0,0,0,0,0,0,0,0,3,0,0,0,1,0,0,0,0,0,0,0,0,0,0,0,0,0,0,0,9,0,0,0,0,0,1,0,2,0,0,0,0,0,0,0,0,0,0,0,0,0,0,0,0,0,0,0,1,0,0,0,0,0,0,0,0,0,0,0,0,0,12,0,4,0,24,0,0,0,1,0,2,0,0,0,0,0,0,0,0,0,0,0,0,0,0,0,0,0,0,0,0,0,0,0,0,0,1,0,0,0,0,0,0,0,0,0,0,0,0,0,20,0,16,0,4,0,1,0,0,0,0,0,0,0,0,0,0,0,2,0,0,0,0,0,2,0,0,0,0,0,0,0,3,0,1,0,1,0,8,0,14,0,0,0,0,1
0,0,0,0,0,0,0,0,0,0,0,0,0,0,0,0,0,0,0,0,0,0,0,0,0,0,0,0,0,0,0,0,0,1,0,0,0,0,0,0,0,2,0,0,0,1,0,0,0,0,0,0,0,0,0,0,0,0,0,0,0,3,0,0,0,0,0,1,0,0,0,0,0,0,0,43,1,2,0,2,0,0,0,0,0,0,0,0,0,0,0,0,0,0,0,0,0,0,0,0,0,0,0,0,0,0,0,0,0,0,0,0,0,0,0,0,0,0,0,0,0,0,0,0,0,51,0,4,0,2,0,0,0,0,0,0,0,0,0,1,0,0,0,0,0,2,0,0,0,0,0,0,0,0,0,1,0,21,0,1,0,0,0,0,0,15,0,0,0,0
2,0,0,0,0,0,0,0,0,0,0,0,2,0,0,0,0,0,0,0,0,0,0,0,0,0,0,0,0,0,0,0,6,0,0,0,0,0,3,0,23,1,3,1,0,0,0,0,1,0,1,1,0,0,0,0,0,0,0,0,1,0,0,0,0,0,1,0,0,0,0,0,0,0,67,0,5,0,7,0,0,0,3,0,3,0,0,0,0,0,0,0,0,0,0,0,0,0,0,1,6,0,0,0,0,0,0,1,3,3,20,11,0,2,0,0,0,0,0,0,115,0,1,0,5,0,6,1,25,5,4,2,0,0,0,3,0,0,1,0,0,0,7,2,26,0,3,0,4,0,0,0,0,0,0,0,0,0,9,1,4,1,6,0,14,2,0,1,16,6
0,1,0,0,0,0,0,1,0,0,0,0,0,0,0,0,0,0,0,0,0,0,0,0,0,0,0,0,0,0,0,0,1,1,0,0,0,0,0,0,2,27,1,0,0,0,0,0,0,0,0,4,0,0,0,0,0,0,0,0,0,2,0,0,0,0,0,2,0,0,0,0,0,0,1,80,0,10,0,5,0,0,0,0,0,0,0,0,0,0,0,0,0,0,0,0,0,0,0,4,3,0,0,0,0,0,0,0,2,5,8,9,0,1,0,0,0,0,0,0,2,47,0,0,1,28,1,11,1,24,1,4,0,0,3,0,0,0,0,6,0,3,2,8,1,8,0,2,0,1,0,0,0,0,0,0,0,1,0,13,0,1,0,10,4,11,0,0,13,1
0,0,0,0,0,0,0,0,0,0,0,0,1,0,0,0,0,0,0,0,0,0,0,0,0,0,0,0,0,0,0,0,2,0,0,0,0,0,0,0,0,0,0,0,0,0,0,0,0,0,0,0,0,0,0,0,0,0,0,0,0,0,0,0,0,0,0,0,0,0,0,0,0,0,8,0,5,0,4,0,0,0,0,0,0,0,0,0,0,0,0,0,0,0,0,0,0,0,0,0,0,0,0,0,0,0,0,0,0,1,3,0,0,0,0,0,0,0,0,0,0,0,0,0,4,0,4,0,0,0,0,0,0,0,0,0,0,0,0,0,0,0,1,0,1,1,0,0,0,0,0,0,0,0,0,0,0,0,6,0,0,0,0,0,6,1,0,0,1,1
0,0,0,0,0,0,0,0,0,0,0,0,0,0,0,0,0,0,0,0,0,0,0,0,0,0,0,0,0,0,0,0,0,0,0,0,0,0,0,0,0,0,0,0,0,0,0,0,0,0,0,0,0,0,0,0,0,0,0,0,0,0,0,0,0,0,0,0,0,0,0,0,0,0,0,18,0,3,0,1,0,0,0,0,0,0,0,0,0,0,0,0,0,0,0,0,0,0,0,0,2,0,0,0,0,0,0,0,0,0,0,0,0,0,0,0,0,0,0,0,0,0,0,0,0,16,0,5,0,1,0,0,0,0,0,0,0,0,0,1,0,0,0,1,0,1,0,0,0,2,0,0,0,0,0,0,0,1,1,1,0,1,0,2,0,6,0,0,0,0
0,0,0,0,0,0,0,0,0,0,0,0,0,0,0,0,0,0,0,0,0,0,0,0,0,0,0,0,0,0,0,0,6,0,0,0,0,0,0,0,95,0,2,0,1,0,0,0,0,0,2,0,0,0,0,0,0,0,1,0,0,0,0,0,0,0,0,0,0,0,0,0,0,0,0,0,36,0,18,0,0,0,0,0,0,0,0,0,0,0,0,0,3,0,0,0,0,0,0,0,1,0,0,0,0,0,1,0,2,1,5,1,0,4,0,0,0,0,0,0,1,0,0,0,3,0,4,1,4,0,1,0,0,0,1,0,0,0,0,0,0,0,2,1,0,0,0,0,0,0,0,0,0,0,0,0,0,0,2,1,0,0,5,0,5,0,1,0,7,2
0,0,0,0,0,0,0,0,0,0,0,0,0,0,0,0,0,0,0,0,0,0,0,0,0,0,0,0,0,0,0,0,0,2,0,0,0,0,0,0,6,80,1,0,0,0,0,0,0,0,0,5,0,0,0,0,0,0,0,0,0,0,0,0,0,0,0,0,0,0,0,0,0,0,0,10,1,37,1,60,0,0,0,0,0,1,0,0,0,0,0,0,0,0,0,0,0,0,0,3,2,1,0,0,0,0,0,0,2,4,12,6,0,6,0,0,0,0,0,0,0,0,0,0,2,12,2,13,1,5,1,5,0,1,0,6,0,1,0,0,0,2,0,2,0,0,0,0,0,1,0,0,0,0,0,0,0,3,1,3,0,0,1,5,3,23,1,2,25,2
0,0,0,0,0,0,0,0,0,0,0,0,0,0,0,0,0,0,0,0,0,0,0,0,0,0,0,0,0,0,0,0,3,0,0,0,0,0,0,0,10,0,0,0,0,0,0,0,0,0,0,0,0,0,0,0,0,0,0,0,0,0,0,0,0,0,0,0,0,0,0,0,0,0,1,0,5,0,2,0,0,0,0,0,0,0,0,0,0,0,0,0,0,0,0,0,0,0,1,1,4,0,1,0,0,0,1,1,2,2,13,1,0,13,0,0,0,0,0,0,3,0,0,0,4,0,4,0,5,0,1,0,0,0,0,0,0,0,0,0,0,1,0,0,5,0,0,0,0,0,0,0,0,0,0,0,0,0,1,0,0,0,2,0,8,3,1,2,35,10
0,0,0,0,0,0,0,0,0,0,0,0,0,0,0,0,0,0,0,0,0,0,0,0,0,0,0,0,0,0,0,0,0,0,0,0,0,0,0,0,3,11,0,2,0,0,0,0,0,0,0,1,0,0,0,0,0,0,0,0,0,0,0,0,0,0,0,0,0,0,0,0,0,0,0,15,0,12,0,6,0,0,0,0,0,0,0,0,0,0,0,0,0,0,0,0,0,0,0,2,2,0,0,0,0,0,0,0,1,6,8,6,2,17,0,0,0,0,0,0,0,0,0,0,2,2,0,8,1,3,0,5,0,0,0,3,0,0,0,2,1,0,0,0,0,3,0,0,0,0,0,0,0,0,0,0,0,0,1,5,0,1,1,1,1,13,0,2,18,7
0,0,0,0,0,0,0,0,0,0,0,0,0,0,0,0,0,0,0,0,0,0,0,0,0,0,0,0,0,0,0,0,2,0,0,0,0,0,2,0,81,0,1,0,0,0,0,0,0,0,0,0,0,0,0,0,0,0,0,0,0,0,0,0,0,0,0,0,0,0,0,0,0,0,2,0,8,0,19,0,0,0,1,0,0,0,0,0,0,0,0,0,1,0,0,0,0,0,0,1,2,0,0,0,1,0,2,0,5,1,16,4,1,12,0,0,0,0,0,0,0,0,0,0,2,1,9,1,5,0,3,0,2,0,7,2,1,0,2,0,0,0,0,0,38,1,0,0,1,0,0,0,0,0,0,0,0,0,1,0,1,0,13,0,10,1,3,1,20,9
0,1,0,0,0,0,0,0,0,0,0,0,0,0,0,0,0,1,0,0,0,0,0,0,0,0,0,0,0,0,0,0,0,3,0,0,0,0,0,0,2,42,1,1,0,0,0,0,0,0,0,0,0,0,0,0,0,0,0,0,0,0,0,0,0,0,0,1,0,0,0,0,0,0,0,12,0,12,1,31,0,0,0,0,0,2,0,0,0,0,0,0,0,0,0,0,0,1,0,3,0,0,0,0,0,0,2,1,2,12,12,10,0,18,0,0,0,0,0,1,0,0,1,0,0,8,3,13,1,4,1,24,0,0,2,8,0,1,1,2,0,0,0,0,0,5,0,1,0,0,0,0,0,0,0,0,0,1,1,3,0,1,4,4,4,31,0,7,26,11
0,0,0,0,0,0,0,0,0,0,0,0,2,0,0,0,0,0,0,0,0,0,0,0,0,0,0,0,0,0,0,0,1,1,0,0,1,0,9,0,232,0,4,0,2,0,0,0,0,0,6,1,0,0,0,0,0,0,0,0,1,0,0,0,0,0,1,0,0,0,0,0,0,0,19,1,15,0,24,0,0,0,7,0,1,0,0,0,0,0,0,0,1,0,0,0,0,0,2,0,10,0,0,0,0,0,2,0,12,4,20,5,0,17,0,0,0,0,0,0,4,0,3,0,9,2,30,2,29,2,17,2,0,0,26,1,1,0,0,0,5,0,38,0,0,2,0,0,14,1,0,0,0,0,0,0,0,0,2,1,3,0,10,1,33,4,3,1,23,12
0,0,0,0,0,0,0,0,0,0,0,0,0,0,0,0,0,0,0,0,0,0,0,0,0,0,0,0,0,0,0,0,0,14,0,0,0,0,0,3,5,176,1,0,0,0,0,0,0,0,1,2,0,0,0,0,0,0,0,0,0,1,0,0,0,0,0,4,0,0,0,1,0,0,0,58,1,72,1,124,0,0,0,0,0,2,0,0,0,0,0,0,0,0,0,0,0,0,3,1,4,0,0,0,0,0,0,0,1,5,10,6,0,7,0,0,0,0,0,0,0,0,0,0,2,13,0,50,0,52,0,13,0,2,0,8,1,1,0,0,0,3,1,5,2,0,0,6,0,12,0,0,0,0,0,0,0,6,2,1,0,3,0,15,2,10,1,5,36,11
0,0,0,0,0,0,0,0,0,0,0,0,0,0,0,0,0,0,0,0,0,0,0,0,0,0,0,0,0,0,0,0,1,0,0,0,0,0,1,0,1,0,0,0,0,0,0,0,0,0,0,0,0,0,0,0,0,0,0,0,0,0,0,0,0,0,0,0,0,0,0,0,0,0,6,0,1,0,0,0,0,0,0,0,0,0,0,0,0,0,0,0,0,0,0,0,0,0,0,0,0,0,0,0,0,0,0,0,0,1,2,0,0,0,0,0,0,0,0,0,1,0,0,0,1,0,1,0,0,0,0,0,0,0,3,0,0,0,0,0,0,0,0,0,0,0,0,0,0,0,0,0,0,0,0,0,0,0,0,0,0,0,1,0,1,0,1,1,1,0
0,0,0,0,0,0,0,0,0,0,0,0,0,0,0,0,0,0,0,0,0,0,0,0,0,0,0,0,0,0,0,0,0,3,0,0,0,0,0,0,0,10,0,1,0,0,0,0,0,0,0,0,0,0,0,0,0,0,0,0,0,1,0,0,0,0,0,1,0,0,0,0,0,0,0,27,0,4,0,3,0,0,0,0,0,0,0,0,0,0,0,0,0,0,0,0,0,0,0,0,0,0,0,0,0,0,0,0,0,4,3,3,0,1,0,0,0,0,0,0,0,0,0,0,0,2,0,0,1,0,0,0,0,0,0,2,0,0,0,0,0,0,0,1,0,6,0,0,0,0,0,0,0,0,0,0,0,0,1,1,0,0,0,1,0,2,0,0,5,2
0,0,0,0,0,0,0,0,0,0,0,0,0,0,0,0,0,0,0,0,0,0,0,0,0,0,0,0,0,0,0,0,5,0,0,0,0,0,3,0,18,0,0,0,0,0,0,0,0,0,2,0,0,0,0,0,0,0,0,0,0,0,0,0,0,0,0,0,0,0,0,2,0,0,8,0,2,0,9,0,0,0,3,0,0,0,0,0,0,0,0,0,0,0,0,0,0,0,1,0,0,0,0,0,0,0,0,0,0,0,0,0,0,0,0,0,0,0,0,0,2,0,0,0,4,0,8,0,32,1,4,0,2,0,4,0,0,0,0,0,0,0,1,0,14,0,0,0,0,0,0,0,0,0,0,0,0,0,0,0,0,0,2,0,0,0,0,0,2,0
0,1,0,0,0,0,0,0,0,0,0,0,0,0,0,0,0,0,0,0,0,0,0,0,0,0,0,0,0,0,0,0,0,0,0,0,0,0,0,0,1,31,0,0,0,0,0,0,0,1,0,0,0,0,0,0,0,0,0,0,0,0,0,0,0,0,0,0,0,0,0,0,0,0,0,17,0,7,0,60,0,0,0,0,0,0,0,0,0,0,0,0,0,0,0,0,0,0,0,0,0,0,0,0,0,0,0,0,0,0,2,1,0,1,0,0,0,0,0,0,0,0,0,0,0,12,0,12,1,27,0,1,0,0,0,1,0,2,0,1,0,0,0,0,1,12,0,0,0,0,0,0,0,0,0,0,0,1,0,2,0,2,0,17,0,3,1,1,5,1
0,0,25,11,37,5,0,0,2,2,10,0,0,0,0,0,174,134,48,2,110,14,205,4,28,0,6,0,13,0,0,0,5,1,0,0,0,3,0,0,0,0,0,0,0,0,0,0,0,0,0,0,0,0,0,0,0,0,0,0,0,0,0,0,0,0,0,0,0,0,0,0,0,0,71,1,2,0,0,1,0,0,0,0,0,0,0,0,0,0,0,0,0,0,0,0,0,0,0,0,0,0,0,0,0,0,0,0,0,0,0,0,0,0,0,0,0,0,0,0,0,0,0,0,0,0,0,0,0,0,0,0,0,0,0,0,0,0,0,0,0,0,0,0,0,0,0,0,0,0,0,106,155,8,55,20,7,0,0,0,0,0,0,0,0,0,0,0,0,0
0,0,18,100,14,37,0,0,3,6,12,8,0,0,0,0,16,350,29,98,16,736,27,228,3,51,3,4,3,8,0,0,3,9,0,0,0,3,0,0,0,0,0,0,0,0,0,0,0,0,0,0,0,0,0,0,0,0,0,0,0,0,0,0,0,0,0,0,0,0,0,0,0,0,3,6,1,0,0,0,0,0,0,0,0,0,0,0,0,0,0,0,0,0,0,0,0,0,0,0,0,0,0,0,0,0,0,0,0,0,0,0,0,0,0,0,0,0,0,0,0,0,0,0,0,0,0,0,0,0,0,0,0,0,0,0,0,0,0,0,0,0,0,0,0,0,0,0,0,0,106,0,61,196,3,59,0,13,0,0,0,0,0,0,0,0,0,0,0,0
0,0,194,42,45,43,0,0,8,3,24,2,0,0,1,1,18,27,1182,14,306,17,144,0,129,2,19,0,76,0,0,0,5,2,0,0,0,5,0,0,0,0,0,0,0,0,0,0,0,0,0,0,0,0,0,0,0,0,0,0,0,0,0,0,0,0,0,0,0,0,0,0,0,0,14,4,2,0,0,0,0,0,0,0,0,0,0,0,0,0,0,0,0,0,0,0,0,0,0,0,0,0,0,0,0,0,0,0,0,0,0,0,0,0,0,0,0,0,0,0,0,0,0,0,0,0,0,0,0,0,0,0,0,0,0,0,0,0,0,0,0,0,0,0,0,0,0,0,0,0,155,61,0,17,404,88,8,0,0,0,0,0,0,0,0,0,0,0,0,0
0,0,18,829,19,132,0,0,3,11,1,31,0,0,1,6,0,18,22,1451,3,469,2,72,1,44,0,13,0,5,0,1,3,16,0,0,0,189,0,0,0,0,0,0,0,0,0,0,0,0,0,0,0,0,0,0,0,0,0,0,0,0,0,0,0,0,0,0,0,0,0,0,0,0,0,6,0,8,0,1,0,0,0,0,0,0,0,0,0,0,0,0,0,0,0,0,0,0,0,0,0,0,0,0,0,0,0,0,0,0,0,0,0,0,0,0,0,0,0,0,0,0,0,0,0,0,0,0,0,0,0,0,0,0,0,0,0,0,0,0,0,0,0,0,0,0,0,0,0,0,8,196,17,0,24,1560,0,2,0,0,0,0,0,0,0,0,0,0,0,0
4,3,430,33,264,28,43,6,119,10,20,0,3,1,178,14,1,2,709,8,3,4,6,0,0,0,2,1,8,0,1,0,89,5,0,0,921,75,0,0,0,0,0,0,0,0,0,0,0,0,0,0,0,0,0,0,0,0,0,0,8,0,0,0,0,0,0,0,0,0,5,0,9,0,389,10,26,7,4,1,0,0,0,0,0,0,2,0,0,0,0,0,0,0,0,0,0,0,0,0,0,0,0,0,0,0,0,0,0,0,0,0,0,0,0,0,0,0,0,0,0,0,0,0,0,0,0,0,0,0,0,0,0,0,0,0,0,0,0,0,0,0,0,0,0,0,0,0,0,0,55,3,404,24,0,415,0,0,0,0,0,0,2,0,0,0,0,0,0,0
4,9,105,747,178,362,21,111,127,202,9,8,1,1,69,158,0,0,96,386,4,38,3,7,2,6,3,1,3,5,0,0,80,98,0,0,36,1310,0,0,0,0,0,0,0,1,0,0,0,0,0,0,0,0,0,0,0,0,0,0,0,0,0,0,0,0,0,2,0,0,1,0,1,0,603,101,20,78,2,9,0,0,0,0,0,0,2,4,0,0,0,0,0,0,0,0,0,0,0,0,0,0,0,0,0,0,0,0,0,0,0,0,0,0,0,0,0,0,0,0,0,0,0,0,0,3,0,0,0,0,0,0,0,1,0,0,0,0,0,0,0,0,0,0,0,0,0,0,0,0,20,59,88,1560,415,0,0,0,0,0,0,0,1,0,0,0,0,0,0,0
0,0,1,0,0,0,0,0,0,0,1,0,0,0,0,0,406,7,1,1,10,0,61,0,32,0,3,0,21,0,0,0,25,0,0,0,0,0,0,0,14,1,0,0,144,0,0,0,0,0,0,0,0,0,0,0,0,0,0,0,0,0,0,0,0,0,0,0,0,0,0,0,0,0,127,0,444,0,287,2,0,0,2,0,0,0,2,0,0,0,0,0,0,0,0,0,0,0,0,0,0,0,0,0,0,0,0,0,0,0,0,0,0,0,0,0,0,0,0,0,0,0,0,0,7,0,0,0,0,0,0,0,3,0,0,0,0,0,0,0,0,0,0,0,0,0,0,0,0,0,7,0,8,0,0,0,0,14,0,0,1,0,16,0,0,0,0,0,0,0
0,1,0,4,0,6,0,2,0,4,0,1,0,0,1,0,0,334,0,1,0,21,2,268,0,15,0,0,0,12,0,0,0,18,0,0,0,0,0,0,0,65,0,0,0,195,0,0,0,0,0,0,0,0,0,0,0,0,0,0,0,1,0,0,0,0,0,0,0,0,0,0,0,0,0,328,0,714,0,181,0,0,0,0,0,0,0,0,0,0,0,0,0,0,0,0,0,0,0,0,0,0,0,0,0,0,0,0,0,0,0,1,0,0,0,0,0,0,0,0,0,0,0,0,0,153,0,9,0,0,0,1,0,21,0,1,0,1,0,3,0,0,0,1,0,6,0,0,0,1,0,13,0,2,0,0,14,0,0,0,0,0,0,22,0,4,0,0,0,0
0,0,0,0,0,0,1,0,0,0,0,0,2,0,0,0,1,0,0,0,0,0,0,0,0,0,0,0,0,0,0,0,1,0,0,0,0,0,0,0,22,0,0,0,0,0,0,0,0,0,4,0,0,0,0,0,0,0,0,0,0,0,0,0,0,0,0,0,0,0,0,0,0,0,5,1,5,2,29,0,0,0,0,0,0,0,0,0,0,0,0,0,0,0,0,0,0,0,1,0,2,0,0,0,0,0,0,0,1,3,13,0,0,1,0,0,0,0,0,0,1,0,0,0,37,1,9,1,8,4,5,0,1,0,9,0,6,1,2,1,1,1,1,1,2,2,0,1,0,0,0,0,0,0,0,0,0,0,0,0,1,1,7,0,9,2,2,1,3,2
0,0,0,0,0,0,0,0,0,0,0,0,0,0,0,0,0,0,0,0,0,0,0,0,0,0,0,0,0,0,0,0,0,0,0,0,0,0,0,0,4,3,1,1,0,0,0,0,0,0,0,0,0,0,0,0,0,0,0,0,0,0,0,0,0,0,0,0,0,0,0,0,0,0,2,10,0,3,2,1,0,0,1,0,0,0,0,0,0,0,0,0,0,0,0,0,0,0,0,1,2,0,0,0,0,0,1,0,2,1,9,4,0,1,0,0,0,0,0,0,0,0,0,0,6,16,1,25,2,16,0,5,0,1,1,13,0,1,1,3,0,5,0,3,1,1,0,1,0,2,0,0,0,0,0,0,0,0,0,0,0,6,0,4,5,4,2,0,5,1
0,0,0,0,0,0,0,0,0,0,0,0,0,0,0,0,0,0,0,0,0,0,0,0,0,0,0,0,0,0,0,0,0,0,0,0,0,0,0,0,5,0,0,0,0,0,0,0,0,0,0,0,0,0,0,0,0,0,0,0,0,0,0,0,0,0,0,0,0,0,0,0,0,0,6,0,3,0,9,0,0,0,0,0,0,0,0,0,0,0,0,0,0,0,0,0,0,0,0,1,0,0,0,0,0,0,0,0,0,1,3,0,0,0,0,0,0,0,0,0,1,0,0,0,14,0,2,0,3,0,1,0,1,0,4,0,0,0,0,0,0,0,1,0,3,0,0,0,0,0,0,0,0,0,0,0,1,0,1,0,0,0,0,0,4,0,0,1,1,1
0,1,0,0,0,0,0,0,0,0,0,0,0,1,0,0,0,0,0,0,0,0,0,0,0,0,0,0,0,0,0,0,0,1,0,0,0,1,0,0,5,7,0,2,0,0,0,0,0,0,0,4,0,0,0,0,0,0,0,0,0,0,0,0,0,0,0,0,0,0,0,0,0,0,0,4,0,2,1,0,0,0,0,0,0,0,0,0,0,0,0,0,0,0,0,0,0,0,1,2,1,0,0,0,0,0,0,1,1,3,4,1,1,0,0,0,0,0,0,0,0,0,0,0,0,11,2,27,0,13,0,4,0,0,1,1,0,1,0,0,0,1,0,1,0,3,0,0,0,2,0,0,0,0,0,0,0,0,1,6,0,0,1,6,0,4,1,0,1,0
1,0,0,0,0,0,0,0,0,0,0,0,7,0,0,0,2,0,0,0,0,0,0,0,0,0,0,0,0,0,0,0,11,0,0,0,0,1,5,0,102,4,48,0,34,0,0,0,0,0,4,1,0,0,0,0,0,0,1,0,0,0,0,0,0,0,0,0,0,0,0,0,0,0,38,0,68,1,76,1,0,0,5,0,2,1,0,0,0,0,0,0,1,0,0,0,0,0,1,0,3,0,0,0,0,0,2,1,2,1,15,3,0,0,0,0,0,0,0,0,0,0,0,0,51,0,84,0,61,2,3,0,8,0,6,0,0,0,5,1,2,1,13,4,10,0,1,0,2,0,0,0,0,0,2,1,16,0,7,0,0,1,0,1,6,0,2,1,0,1
0,4,0,2,0,0,0,0,0,0,0,0,0,0,0,0,0,1,0,0,0,0,0,0,0,0,0,0,0,0,0,0,0,3,0,0,0,1,0,0,10,79,0,5,0,0,0,0,0,0,2,5,0,0,0,0,0,0,0,0,0,3,0,0,0,0,0,1,0,0,0,1,0,0,0,49,4,39,5,70,0,0,0,1,0,1,0,0,0,0,0,0,0,0,0,0,0,0,0,0,1,0,0,0,0,0,0,0,0,4,8,3,0,4,0,0,0,0,0,0,0,0,0,0,0,59,0,115,1,55,0,3,0,0,0,10,0,2,0,5,0,1,0,4,1,15,0,1,0,17,0,0,0,0,0,0,0,22,0,4,0,6,1,0,1,7,0,1,5,1
0,0,0,0,0,0,0,0,0,0,0,0,0,0,0,0,0,0,0,0,0,0,0,0,0,0,0,0,0,0,0,0,1,0,0,0,0,0,1,0,13,2,0,1,0,0,0,0,0,0,11,1,0,0,0,0,0,0,0,0,0,0,0,0,0,0,0,0,0,0,0,0,0,0,3,0,4,0,13,0,0,0,0,0,1,0,0,0,0,0,0,0,0,0,0,0,1,0,8,2,14,0,0,0,0,0,2,0,6,13,38,21,1,8,0,0,0,0,0,1,9,0,1,0,26,1,23,7,48,12,22,4,14,0,14,4,6,0,5,3,8,1,10,4,33,2,1,0,0,0,0,0,0,0,0,0,0,0,9,5,4,0,6,1,0,12,6,1,15,12
0,1,0,0,0,0,0,1,0,0,0,0,0,0,0,0,0,0,0,0,0,0,0,0,0,0,0,0,0,0,0,0,1,0,0,0,0,0,0,0,5,11,1,4,0,0,0,0,0,0,1,8,0,0,0,0,0,0,0,0,0,0,0,0,0,0,0,0,0,0,0,0,0,0,0,20,0,4,0,6,0,0,0,0,0,0,0,0,0,0,0,0,0,0,0,0,0,0,4,4,11,0,0,1,0,0,0,0,3,9,30,26,0,4,0,0,0,0,0,0,1,1,0,0,3,56,1,39,1,40,2,20,0,15,2,11,1,6,0,23,3,13,1,31,4,10,0,2,0,3,0,0,0,0,0,0,0,4,2,4,0,4,0,7,12,0,4,3,26,15
0,0,0,0,0,0,0,0,0,0,0,0,0,0,0,0,0,0,0,0,0,0,0,0,0,0,0,0,0,0,0,0,0,0,0,0,0,0,0,0,5,1,0,2,0,0,0,0,0,0,2,0,0,0,0,0,0,0,0,0,0,0,0,0,0,0,0,0,0,0,0,0,0,0,0,0,0,0,2,0,0,0,0,0,0,0,0,0,0,0,0,0,0,0,0,0,0,0,174,3,8,1,2,0,1,0,20,2,66,26,93,9,12,35,0,0,0,0,1,4,0,0,1,0,1,0,0,3,0,2,1,0,0,0,0,0,0,0,1,1,1,0,3,0,3,1,1,0,0,1,0,0,0,0,0,0,0,0,2,2,0,1,2,0,6,4,0,55,11,33
0,0,0,0,0,0,0,0,0,0,0,0,0,0,0,0,0,0,0,0,0,0,0,0,0,0,0,0,0,0,0,0,0,0,0,0,0,0,0,0,3,4,0,2,0,0,0,0,0,0,1,17,0,0,0,0,0,0,0,0,0,0,0,0,0,0,0,0,0,0,0,0,0,0,0,1,0,0,0,1,0,0,0,0,0,0,0,0,0,0,0,0,0,0,1,0,1,0,14,270,2,0,2,5,0,0,7,11,24,121,71,39,103,56,0,0,0,0,0,2,1,0,0,0,1,1,1,3,0,3,3,0,0,0,1,0,0,0,0,2,2,2,1,7,1,5,1,0,0,1,0,0,0,0,0,0,0,0,1,0,1,0,1,1,1,3,55,0,26,17
0,0,0,0,0,0,0,0,0,0,0,0,0,0,0,0,0,0,0,0,0,0,0,0,0,0,0,0,0,0,0,0,0,0,0,0,0,0,0,0,7,8,5,5,0,0,0,0,0,0,7,5,0,0,0,0,0,0,0,0,0,0,0,0,0,0,0,0,0,0,0,0,0,0,0,4,3,1,3,1,0,0,0,0,0,0,0,0,0,0,0,0,0,0,0,0,0,0,20,13,9,1,0,1,0,0,5,4,23,35,115,27,0,68,0,0,0,0,0,0,9,1,2,1,15,3,11,25,42,71,32,16,0,0,16,13,1,0,7,25,35,18,20,26,23,36,1,5,2,5,0,0,0,0,0,0,0,0,3,5,1,1,0,5,15,26,11,26,0,254
0,0,0,0,0,0,0,0,0,0,0,0,0,0,0,0,0,0,0,0,0,0,0,0,0,0,0,0,0,0,0,0,0,0,0,0,0,0,0,0,6,2,2,3,0,0,0,0,0,0,6,0,0,0,0,0,0,0,0,0,0,0,0,0,0,0,0,0,0,0,0,1,0,0,1,1,0,0,4,0,0,0,0,0,0,0,0,0,0,0,0,0,0,0,1,0,0,0,15,12,3,1,1,4,1,0,11,3,26,23,60,7,40,73,0,0,0,0,0,0,6,0,0,0,5,2,2,6,8,18,4,3,1,0,6,1,1,0,2,2,10,7,9,11,12,11,0,2,0,1,0,0,0,0,0,0,0,0,2,1,1,0,1,1,12,15,33,17,254,0
