0,22,2002,20,1462,11,1874,6,258,1,3,0,257,1,349,289,0,0,5,5,1,0,0,0,0,0,0,0,0,0,1,0,127,5,0,0,97,286,7,2,34,1,4,0,0,0,5,0,4,0,8,0,17,0,158,0,2,0,0,0,4642,7,65,3,249,0,286,1,135,0,160,15,267,18,638,26,722,14,110,4,0,0,19,0,251,2,42,0,586,1,1,0,75,0,0,4,3,1,17,4,1,1,3,1,0,1,5,1,2,2,0,0,2,0,0,0,0,0,0,1,0,0,13,0,1,0,222,10,150,7,67,0,1,0,153,2,10,0,1,0,6,0,4,2,170,1,25,0,17,1,0,0,0,2,16,4,0,0,4,3,27,0,115,1,9,0,3,0,4,4
22,0,8,1832,5,1902,6,1741,1,159,0,1,1,527,17,548,0,0,1,36,0,0,0,0,0,0,0,0,0,0,0,0,2,129,0,0,0,43,3,1,2,24,0,19,0,0,0,0,0,0,0,1,1,4,0,23,0,3,0,0,17,4149,2,112,2,275,1,394,1,317,4,40,19,486,23,1036,5,966,0,307,0,0,0,4,0,88,0,4,2,466,0,1,1,9,1,19,2,11,0,23,4,3,1,5,1,5,3,13,0,9,0,4,3,4,0,0,2,0,0,0,0,0,0,1,0,2,1,219,2,192,1,32,0,1,4,17,1,2,0,4,0,1,0,17,1,105,0,33,0,16,0,0,0,0,1,3,0,2,0,0,0,12,2,16,0,0,0,4,4,1
2002,8,0,111,6742,71,181,8,839,12,203,2,25,0,1599,168,17,47,2909,112,452,27,228,5,35,0,146,0,30,0,140,0,269,7,0,0,245,259,30,1,18,2,1,0,1,0,13,0,3,1,4,0,10,1,78,0,3,0,0,0,239,3,59,0,24,0,10,1,24,0,291,10,159,8,1212,68,858,26,55,8,0,0,1,0,14,1,25,0,24,0,3,0,13,0,0,0,0,0,5,1,0,1,0,0,0,0,0,0,2,2,0,0,1,0,0,0,0,0,0,0,1,0,13,0,31,0,103,3,47,0,25,1,2,0,99,6,7,0,1,0,2,0,2,0,131,2,15,0,16,0,9,40,195,77,358,222,10,2,3,0,7,0,14,2,7,0,3,1,3,1
20,1832,111,0,39,7670,3,318,12,625,2,343,3,67,47,2085,10,60,75,3144,17,614,7,102,1,70,3,265,1,4,11,5,4,167,0,0,6,144,1,3,1,12,0,5,0,1,0,1,0,1,0,6,0,5,0,11,0,0,0,1,12,267,3,64,0,60,7,48,1,34,6,67,11,151,90,1510,21,1073,0,145,0,0,0,2,1,22,1,4,0,79,0,2,0,5,0,13,1,4,1,11,1,0,1,5,2,0,1,6,0,2,1,0,1,1,0,1,0,0,0,0,0,2,0,0,0,18,4,151,0,78,0,15,1,0,5,10,0,4,0,1,0,4,1,8,2,48,0,14,0,13,54,52,13,258,38,262,12,21,0,0,0,4,1,16,0,1,0,0,3,1
1462,5,6742,39,0,49,481,4,2891,10,601,1,22,2,137,90,3,18,181,58,107,7,56,1,11,0,295,0,65,0,387,0,298,2,0,0,27,110,2,0,15,0,0,0,1,0,4,0,0,1,3,0,2,0,86,0,1,0,3,0,92,2,15,1,42,1,33,1,23,1,36,3,7,4,1359,38,591,17,29,3,0,0,3,0,15,0,12,0,88,0,4,0,37,0,0,0,0,0,5,0,0,0,0,0,0,0,0,0,1,1,0,0,0,2,0,0,0,0,0,0,0,0,5,0,18,1,69,2,36,4,19,1,1,0,82,4,7,0,0,0,1,0,3,0,99,1,9,0,5,0,5,18,54,38,151,102,3,1,1,0,2,0,10,0,3,0,2,0,0,0
11,1902,71,7670,49,0,2,980,8,3383,6,850,0,77,32,277,7,29,53,483,14,38,2,41,0,30,1,251,1,10,7,180,3,176,0,0,1,56,0,0,0,9,0,5,0,0,2,0,0,1,0,1,1,1,1,7,0,0,0,0,0,122,1,27,0,60,1,110,1,114,7,24,2,27,63,1889,11,755,3,89,0,0,0,4,0,53,0,2,0,265,0,0,0,2,1,1,1,2,0,5,0,0,1,1,0,0,2,3,0,1,0,0,0,0,0,0,0,0,0,0,0,0,2,2,0,21,1,125,0,56,0,17,0,1,2,18,0,1,0,1,0,2,0,3,1,53,0,6,0,6,32,35,6,45,43,181,6,13,1,0,0,10,1,6,0,0,0,0,3,0
1874,6,181,3,481,2,0,2,2730,2,4,0,930,0,76,35,0,0,10,2,0,0,0,0,0,0,0,0,0,0,1,0,285,0,0,0,30,32,5,1,8,0,0,0,0,0,0,0,0,0,1,0,0,1,12,0,0,0,0,0,307,1,17,0,9,1,143,1,22,0,24,6,22,2,289,4,267,0,18,2,0,0,33,0,289,0,361,0,123,0,0,0,10,0,0,1,1,0,3,1,1,0,1,1,0,0,1,0,1,0,0,0,1,1,0,0,0,0,0,0,0,0,5,0,6,0,57,0,32,0,17,0,2,0,53,2,7,0,1,0,3,0,2,0,54,0,7,0,4,0,0,0,0,2,8,2,0,0,0,0,2,0,26,0,3,0,3,0,1,1
6,1741,8,318,4,980,2,0,1,1617,0,5,0,1838,13,264,1,0,1,77,0,0,0,0,0,0,0,0,0,0,0,0,0,941,0,0,0,37,0,0,0,1,0,1,0,0,0,0,0,0,0,0,0,0,0,4,0,0,0,0,2,246,1,8,2,21,1,249,0,47,1,13,1,21,17,507,2,214,1,50,0,0,0,12,1,93,0,77,0,81,0,0,0,0,0,1,0,2,0,2,1,1,0,2,2,0,1,0,0,1,0,0,1,1,0,0,1,0,0,0,0,0,0,0,0,7,0,94,1,21,0,15,0,0,0,2,0,4,0,3,0,1,0,2,3,40,0,6,0,8,2,0,2,2,2,4,0,0,0,1,0,4,0,2,0,1,0,1,4,0
258,1,839,12,2891,8,2730,1,0,4,1900,1,263,0,64,20,2,0,109,9,1,2,1,0,0,0,46,0,27,0,247,0,855,1,0,0,14,38,2,0,10,0,1,0,0,0,1,0,0,0,1,0,0,0,6,1,2,0,1,0,91,2,15,2,6,0,35,0,3,1,18,4,21,0,682,4,549,1,30,3,0,0,7,0,85,0,193,0,55,0,1,0,7,0,0,1,1,1,2,1,0,0,0,0,0,0,0,0,1,0,0,0,0,1,0,0,0,0,0,2,1,0,7,0,18,0,47,0,28,0,18,0,0,0,63,2,9,0,1,0,3,0,2,0,89,0,3,0,2,0,0,1,18,4,61,21,0,0,0,0,7,0,15,0,3,0,0,1,1,0
1,159,12,625,10,3383,2,1617,4,0,1,1133,0,163,1,139,2,3,12,217,3,8,0,6,0,0,0,5,1,8,2,9,1,1186,0,0,0,51,0,0,0,2,0,0,0,1,1,1,0,1,0,0,0,1,0,2,0,0,0,0,1,30,0,3,0,3,0,104,0,20,0,6,1,6,15,743,4,582,0,45,0,0,0,6,0,46,0,23,1,40,0,0,0,1,0,0,0,1,0,2,0,0,0,0,0,0,0,1,0,2,0,0,1,1,0,0,0,0,0,0,0,0,0,0,0,17,0,54,0,17,0,9,0,0,1,11,0,1,0,0,0,0,0,2,1,22,0,5,0,2,11,11,1,29,8,63,0,5,0,0,0,4,0,6,0,0,0,1,0,0
3,0,203,2,601,6,4,0,1900,1,0,1,1,0,2,0,24,6,25,6,57,6,42,0,50,0,139,1,1291,0,796,0,591,0,0,0,2,0,1,0,18,0,0,0,4,0,1,0,0,0,5,0,0,0,8,0,0,0,4,0,0,0,0,0,0,0,0,0,1,0,0,0,0,0,186,9,429,2,21,0,0,0,0,0,0,0,25,0,22,0,17,0,26,0,0,0,0,0,1,0,0,0,0,0,0,0,0,0,0,0,0,0,0,0,0,0,0,0,0,0,0,0,0,0,7,0,0,0,2,0,1,0,2,0,4,0,1,0,0,0,0,0,0,0,11,0,0,0,0,0,4,8,22,5,11,21,4,0,0,0,0,0,0,0,1,0,0,0,0,0
0,1,2,343,1,850,0,5,1,1133,1,0,0,1,0,0,3,46,5,24,2,14,2,94,0,9,0,475,1,909,2,967,0,389,0,0,0,1,0,0,0,6,0,2,0,1,0,0,0,0,0,2,0,0,0,2,0,4,0,7,0,0,0,0,0,0,0,0,0,0,0,2,0,0,3,270,0,531,1,13,0,0,0,0,0,3,0,4,0,13,0,5,0,5,0,0,0,0,0,0,0,0,0,0,0,0,0,0,0,0,0,0,0,0,0,0,0,0,0,0,0,0,0,0,0,0,0,2,0,0,0,0,0,0,0,0,0,0,0,1,0,0,0,0,0,0,0,0,0,0,11,17,4,14,0,13,0,26,0,0,0,0,0,0,0,0,0,0,0,0
257,1,25,3,22,0,930,0,263,0,1,0,0,0,19,11,0,0,1,1,0,0,0,0,0,0,0,0,0,0,0,0,626,0,0,0,35,24,10,2,8,0,2,0,0,0,1,0,1,0,2,0,6,2,8,2,0,0,0,0,616,1,32,2,16,2,222,0,16,1,26,10,21,9,106,1,277,1,41,2,0,0,221,0,854,3,585,0,39,1,0,0,2,0,1,0,1,2,2,0,2,0,0,1,1,0,2,1,1,1,0,0,0,0,0,0,0,0,0,0,0,0,1,0,1,0,19,1,55,1,12,0,0,0,15,0,1,0,0,0,8,0,4,0,27,1,5,0,11,1,0,0,0,1,0,0,0,0,3,0,8,0,25,0,0,0,0,0,1,0
1,527,0,67,2,77,0,1838,0,163,0,1,0,0,2,48,0,0,0,15,0,0,0,0,0,0,0,0,0,0,0,0,0,1790,0,0,0,13,0,0,1,5,0,1,0,0,0,0,0,0,0,0,0,0,0,1,0,0,0,0,1,1107,0,7,0,7,1,697,0,25,4,22,2,18,4,128,3,130,1,33,0,0,0,50,0,871,0,271,0,27,0,0,0,0,0,1,0,2,0,3,0,2,1,2,0,0,1,4,1,0,0,0,0,0,0,0,0,1,0,0,0,0,0,1,0,0,1,28,0,24,0,3,0,0,0,3,0,3,0,0,0,1,0,5,3,12,0,0,1,4,0,0,0,0,1,5,0,1,0,0,0,0,1,2,0,0,0,1,2,1
349,17,1599,47,137,32,76,13,64,1,2,0,19,2,0,372,0,0,462,45,0,1,0,0,0,0,0,0,0,0,0,0,55,0,0,0,2418,530,59,1,2,0,0,0,0,0,21,0,4,0,4,0,10,1,14,0,0,0,1,0,114,5,52,1,5,1,6,0,5,2,422,15,1362,14,298,39,281,14,8,3,0,0,0,0,4,0,9,1,14,4,0,0,3,0,0,0,0,0,3,1,0,0,0,0,0,0,1,0,1,0,0,0,1,1,0,0,1,0,0,2,0,0,11,0,2,1,74,7,28,0,7,1,0,0,54,4,3,0,1,0,3,0,1,0,68,1,12,0,10,0,0,0,2,7,256,72,0,0,1,0,2,0,6,1,1,0,1,0,2,2
289,548,168,2085,90,277,35,264,20,139,0,0,11,48,372,0,4,0,26,394,4,0,0,0,0,0,0,0,0,0,0,0,17,38,0,0,26,1584,2,3,2,16,0,10,0,1,0,0,0,1,0,1,4,5,9,7,1,0,0,0,117,236,5,38,9,25,7,27,3,24,17,125,133,902,223,912,86,479,8,154,0,0,0,1,6,7,5,3,12,27,0,0,2,1,0,9,2,7,0,14,0,2,0,6,0,2,1,11,1,4,0,0,5,2,1,1,1,0,0,1,0,0,2,0,0,13,20,164,8,133,5,34,0,0,14,15,2,3,0,2,0,1,2,11,23,66,3,13,3,9,8,0,4,5,32,14,1,0,0,1,3,9,4,16,0,0,1,4,3,1
0,0,17,10,3,7,0,1,2,2,24,3,0,0,0,4,0,121,4,12,332,9,991,1,99,1,36,0,14,0,3,0,11,0,0,0,3,9,0,0,0,5,0,0,0,0,0,0,0,0,0,0,0,0,0,0,0,0,0,0,0,0,0,0,0,0,0,0,0,0,0,0,0,0,152,70,258,3,4,1,0,0,0,0,0,0,1,0,0,0,2,0,1,0,0,0,0,0,0,0,0,0,0,0,0,0,0,0,0,0,0,0,0,0,0,0,0,0,0,0,0,0,0,0,0,0,0,0,0,0,0,0,0,0,0,0,0,0,0,0,0,0,0,0,0,0,0,0,0,0,120,6,56,14,1,14,494,7,0,0,0,0,0,0,0,0,0,0,0,0
0,0,47,60,18,29,0,0,0,3,6,46,0,0,0,0,121,0,23,36,33,654,72,891,0,47,6,36,1,35,4,1,0,232,0,0,0,7,0,0,0,28,0,3,0,52,0,0,0,0,0,5,0,0,0,0,0,0,0,19,0,0,0,0,0,0,0,0,0,0,0,0,0,0,405,204,4,149,1,4,0,0,0,0,0,0,0,61,1,7,0,31,0,19,0,0,0,0,0,0,0,0,0,0,0,0,0,0,0,0,0,0,0,0,0,0,0,0,0,0,0,0,0,0,0,0,0,0,0,0,0,0,0,0,1,0,0,0,0,1,0,0,0,0,0,0,0,0,0,0,9,241,5,19,7,62,11,812,0,0,0,0,0,0,0,0,0,0,0,0
5,1,2909,75,181,53,10,1,109,12,25,5,1,0,462,26,4,23,0,87,170,16,15,2,0,0,2,0,4,0,16,0,57,5,0,0,535,117,50,2,1,0,0,0,0,0,3,0,2,0,3,0,2,0,1,0,0,0,0,0,3,0,0,0,0,0,0,0,0,0,62,2,1,0,263,31,151,18,7,2,0,0,0,0,1,0,0,0,2,1,0,0,1,0,0,0,0,0,0,0,0,0,0,1,0,0,0,0,0,0,0,0,1,0,0,0,0,0,0,0,0,0,1,0,4,2,4,5,0,0,4,0,1,0,13,3,1,0,0,0,0,0,0,0,13,1,1,0,0,0,16,35,1099,75,947,264,3,1,0,0,0,0,1,0,1,0,0,0,0,0
5,36,112,3144,58,483,2,77,9,217,6,24,1,15,45,394,12,36,87,0,23,1063,6,56,0,15,0,10,4,0,7,0,9,34,0,0,2,461,1,2,0,1,0,1,0,0,1,1,0,0,0,1,0,0,2,3,0,0,0,0,1,9,0,2,1,1,1,6,0,3,3,13,2,6,51,446,17,358,0,28,0,0,0,0,1,6,1,1,1,11,0,0,1,0,0,0,0,0,1,1,0,0,1,0,0,0,1,0,0,1,0,0,0,1,0,0,0,0,0,0,0,0,0,3,0,7,0,41,0,14,0,5,0,0,2,8,1,1,0,0,0,0,0,2,3,18,0,2,0,1,41,73,26,845,37,276,7,10,0,0,0,0,1,6,0,0,0,0,2,1
1,0,452,17,107,14,0,0,1,3,57,2,0,0,0,4,332,33,170,23,0,91,905,12,174,0,221,1,15,0,16,0,15,2,0,0,19,7,0,0,1,1,0,0,2,0,0,0,0,0,0,0,0,0,0,0,0,0,0,0,0,0,0,0,0,0,1,0,0,0,0,0,0,0,232,29,80,7,3,0,0,0,0,0,0,0,0,0,3,0,1,0,1,0,0,0,0,0,0,0,0,0,0,0,0,0,0,0,0,0,0,0,0,0,0,0,0,0,0,0,0,0,0,0,0,0,0,0,0,0,0,0,0,0,1,0,0,0,0,0,0,0,0,0,0,0,0,0,0,0,132,25,547,26,34,46,148,3,0,0,0,0,0,0,0,0,0,0,0,0
0,0,27,614,7,38,0,0,2,8,6,14,0,0,1,0,9,654,16,1063,91,0,209,1931,0,256,1,100,1,1,6,1,0,1,0,0,0,12,0,0,0,0,0,0,0,0,0,0,0,0,0,1,1,0,0,0,0,0,0,0,0,0,0,0,0,0,0,0,0,0,0,1,0,0,5,277,4,51,0,2,0,0,0,0,0,0,0,2,0,1,0,0,0,0,0,0,0,0,0,0,0,0,0,0,0,0,1,0,0,0,0,0,0,0,0,0,0,0,0,0,0,1,0,0,0,0,0,1,0,0,0,0,0,0,0,0,0,0,0,0,0,0,0,0,0,0,0,0,0,0,33,455,5,569,6,75,2,126,0,0,0,0,0,0,0,0,0,0,0,0
0,0,228,7,56,2,0,0,1,0,42,2,0,0,0,0,991,72,15,6,905,209,0,40,1298,0,249,0,105,0,5,0,57,0,0,0,1,2,0,0,5,0,0,0,0,0,0,0,0,0,0,0,0,0,0,0,0,0,0,0,0,0,0,0,0,0,0,0,0,0,0,0,0,0,298,12,129,0,6,0,0,0,0,0,0,0,0,0,3,0,1,0,0,0,0,0,0,0,0,0,0,0,0,0,0,0,0,0,0,0,0,0,0,0,0,0,0,0,0,0,0,0,0,0,1,0,0,0,0,0,0,0,0,0,1,0,0,0,0,0,0,0,0,0,2,0,0,0,0,0,100,7,44,7,3,12,457,2,0,0,0,0,0,0,0,0,0,0,0,0
0,0,5,102,1,41,0,0,0,6,0,94,0,0,0,0,1,891,2,56,12,1931,40,0,0,1214,0,180,0,138,0,2,0,155,0,0,0,2,0,0,0,6,0,1,0,3,0,0,0,0,0,1,0,0,0,1,0,1,0,8,0,0,0,0,0,0,0,0,0,0,0,0,0,0,3,178,0,246,0,0,0,0,0,0,0,0,0,11,0,13,0,10,0,4,0,0,0,0,0,0,0,0,0,0,0,0,0,0,0,0,0,0,0,0,0,0,0,0,0,0,0,0,0,0,0,0,0,0,0,0,0,0,0,0,0,0,0,0,0,1,0,0,0,0,0,0,0,0,0,0,2,80,0,25,0,7,0,235,0,0,0,0,0,0,0,0,0,0,0,0
0,0,35,1,11,0,0,0,0,0,50,0,0,0,0,0,99,0,0,0,174,0,1298,0,0,0,344,0,484,0,1,0,157,0,0,0,0,0,0,0,2,0,1,0,1,0,0,0,0,0,0,0,0,0,0,0,0,0,0,0,0,0,0,0,0,0,0,0,0,0,0,0,0,0,36,0,122,0,5,0,0,0,0,0,0,0,1,0,3,0,2,0,3,0,0,0,0,0,0,0,0,0,0,0,0,0,0,0,0,0,0,0,0,0,0,0,0,0,0,0,0,0,0,0,0,0,0,0,0,0,0,0,0,0,0,0,0,0,0,0,0,0,0,0,0,0,0,0,0,0,4,0,2,0,1,0,22,0,0,0,0,0,0,0,0,0,0,0,0,0
0,0,0,70,0,30,0,0,0,0,0,9,0,0,0,0,1,47,0,15,0,256,0,1214,0,0,0,186,0,147,0,1,0,121,0,0,0,0,0,0,0,3,0,0,0,0,0,0,0,0,0,0,0,0,0,1,0,0,0,2,0,0,0,0,0,0,0,0,0,0,0,0,0,0,0,37,0,43,0,2,0,0,0,0,0,1,0,1,0,3,0,1,0,1,0,0,0,0,0,0,0,0,0,0,0,0,0,0,0,0,0,0,0,0,0,0,0,0,0,0,0,0,0,0,0,0,0,0,0,0,0,0,0,0,0,0,0,0,0,0,0,0,0,0,0,0,0,0,0,0,2,4,0,0,0,0,0,34,0,0,0,0,0,0,0,0,0,0,0,0
0,0,146,3,295,1,0,0,46,0,139,0,0,0,0,0,36,6,2,0,221,1,249,0,344,0,0,0,183,0,156,0,34,0,0,0,0,0,0,0,1,0,0,0,2,0,1,0,0,0,1,0,0,0,0,0,0,0,1,0,0,0,0,0,0,0,0,0,0,0,0,0,0,0,33,2,27,0,1,0,0,0,0,0,0,0,1,0,1,0,2,0,0,0,0,0,0,0,0,0,0,0,0,0,0,0,0,0,0,0,0,0,0,0,0,0,0,0,0,0,0,0,0,0,1,0,0,0,0,0,0,0,0,0,0,0,0,0,0,0,0,0,0,0,0,0,0,0,0,0,9,2,15,2,1,1,5,0,0,0,0,0,0,0,0,0,0,0,0,0
0,0,0,265,0,251,0,0,0,5,1,475,0,0,0,0,0,36,0,10,1,100,0,180,0,186,0,0,0,124,0,51,0,41,0,0,0,0,0,0,0,1,0,0,0,1,0,0,0,0,0,0,0,0,0,0,0,0,0,0,0,0,0,0,0,0,0,0,0,0,0,0,0,0,0,40,0,57,0,2,0,0,0,0,0,1,0,3,0,1,0,1,0,2,0,0,0,0,0,0,0,0,0,0,0,0,0,0,0,0,0,0,0,0,0,0,0,0,0,0,0,0,0,0,0,0,0,2,0,0,0,0,0,0,0,1,0,0,0,0,0,0,0,0,0,0,0,0,0,0,1,9,0,1,0,2,0,20,0,0,0,0,0,0,0,0,0,0,0,0
0,0,30,1,65,1,0,0,27,1,1291,1,0,0,0,0,14,1,4,4,15,1,105,0,484,0,183,0,0,0,189,0,712,0,0,0,0,0,0,0,6,0,0,0,7,0,0,0,1,0,2,0,0,0,2,0,0,0,0,0,0,0,0,0,0,0,1,0,0,0,0,0,0,0,41,2,114,0,7,1,0,0,0,0,0,0,15,0,10,0,12,0,14,0,0,0,0,0,0,0,0,0,0,0,0,0,0,0,0,0,0,0,0,0,0,0,0,0,0,0,1,0,0,0,1,0,0,0,0,0,0,0,0,0,2,0,0,0,0,0,0,0,0,0,0,0,0,0,0,0,6,1,2,0,0,0,8,0,0,0,0,0,0,0,0,0,0,0,0,0
0,0,0,4,0,10,0,0,0,8,0,909,0,0,0,0,0,35,0,0,0,1,0,138,0,147,0,124,0,0,0,49,0,212,0,0,0,0,0,0,0,9,0,0,0,1,0,0,0,0,0,0,0,0,0,0,0,2,0,6,0,0,0,0,0,0,0,0,0,0,0,0,0,0,0,55,0,47,0,1,0,0,0,0,0,2,0,8,0,12,0,6,0,5,0,0,0,0,0,0,0,0,0,0,0,0,0,0,0,0,0,0,0,0,0,0,0,0,0,0,0,0,0,0,0,0,0,0,0,0,0,0,0,0,0,0,0,0,0,0,0,0,0,0,0,0,0,0,0,0,0,0,0,0,0,0,0,0,0,0,0,0,0,0,0,0,0,0,0,0
1,0,140,11,387,7,1,0,247,2,796,2,0,0,0,0,3,4,16,7,16,6,5,0,1,0,156,0,189,0,0,0,37,1,0,0,0,0,0,0,3,0,0,0,0,0,0,0,0,0,0,0,0,0,0,0,0,0,1,0,1,0,0,0,0,0,0,0,1,0,0,0,0,0,55,9,71,4,6,0,0,0,0,0,0,0,1,0,1,0,2,0,5,0,0,0,0,0,0,0,0,0,0,0,0,0,0,0,0,0,0,0,0,0,0,0,0,0,0,0,0,0,0,0,1,0,0,0,0,0,0,0,0,0,0,0,1,0,0,0,0,0,0,0,0,0,0,0,0,0,4,9,15,8,1,13,1,0,0,0,0,0,0,0,0,0,0,0,0,0
0,0,0,5,0,180,0,0,0,9,0,967,0,0,0,0,0,1,0,0,0,1,0,2,0,1,0,51,0,49,0,0,0,2,0,0,0,0,0,0,0,1,0,0,0,0,0,0,0,0,0,0,0,0,0,0,0,0,0,0,0,0,0,0,0,0,0,0,0,0,0,0,0,0,0,6,0,20,0,0,0,0,0,0,0,0,0,1,0,0,0,1,0,0,0,0,0,0,0,0,0,0,0,0,0,0,0,0,0,0,0,0,0,0,0,0,0,0,0,0,0,0,0,0,0,0,0,0,0,0,0,0,0,0,0,0,0,0,0,0,0,0,0,0,0,0,0,0,0,0,0,0,0,0,0,0,0,2,0,0,0,0,0,0,0,0,0,0,0,0
127,2,269,4,298,3,285,0,855,1,591,0,626,0,55,17,11,0,57,9,15,0,57,0,157,0,34,0,712,0,37,0,0,3,0,0,26,25,11,3,126,0,46,0,108,0,50,0,2,1,70,0,18,0,164,0,31,0,38,0,140,1,52,1,28,2,26,0,28,0,36,6,21,3,360,3,2377,5,84,1,0,0,55,0,219,1,506,0,415,0,202,0,180,0,1,0,1,0,9,0,2,0,2,1,1,0,0,0,1,0,0,0,0,2,0,0,0,0,0,1,0,0,1,0,10,0,26,4,65,0,16,0,0,0,34,1,6,0,5,1,10,0,12,0,84,1,6,0,8,0,5,0,24,3,78,18,10,0,2,0,2,0,11,0,0,0,1,0,0,1
5,129,7,167,2,176,0,941,1,1186,0,389,0,1790,0,38,0,232,5,34,2,1,0,155,0,121,0,41,0,212,1,2,3,0,0,0,2,21,0,5,3,135,0,17,0,35,4,9,2,4,0,61,8,18,4,90,0,29,0,79,2,172,2,71,4,33,3,208,1,83,11,102,0,23,3,297,2,2200,0,50,0,0,0,250,3,805,0,446,1,375,0,115,0,109,0,1,0,1,0,0,0,0,0,1,0,1,0,1,0,0,0,0,0,1,1,0,0,0,0,1,0,0,0,0,0,7,0,24,1,22,0,5,0,0,0,6,0,4,0,21,1,3,0,20,0,34,0,4,0,10,3,0,4,12,1,23,0,0,0,0,0,1,0,0,0,0,1,0,0,0
0,0,0,0,0,0,0,0,0,0,0,0,0,0,0,0,0,0,0,0,0,0,0,0,0,0,0,0,0,0,0,0,0,0,0,0,0,0,0,0,0,0,0,0,0,0,0,0,0,0,0,0,0,0,0,0,0,0,0,0,0,0,0,0,0,0,0,0,0,0,0,0,0,0,0,0,0,0,0,0,0,0,0,0,0,0,0,0,0,0,0,0,0,0,0,0,0,0,0,0,0,0,0,0,0,0,0,0,0,0,0,0,0,0,0,0,0,0,0,0,0,0,0,0,0,0,0,0,0,0,0,0,0,0,0,0,0,0,0,0,0,0,0,0,0,0,0,0,0,0,0,0,0,0,0,0,0,0,0,0,0,0,0,0,0,0,0,0,0,0
0,0,0,0,0,0,0,0,0,0,0,0,0,0,0,0,0,0,0,0,0,0,0,0,0,0,0,0,0,0,0,0,0,0,0,0,0,0,0,0,0,0,0,0,0,0,0,0,0,0,0,0,0,0,0,0,0,0,0,0,0,0,0,0,0,0,0,0,0,0,0,0,0,0,0,0,0,0,0,0,0,0,0,0,0,0,0,0,0,0,0,0,0,0,0,0,0,0,0,0,0,0,0,0,0,0,0,0,0,0,0,0,0,0,0,0,0,0,0,0,0,0,0,0,0,0,0,0,0,0,0,0,0,0,0,0,0,0,0,0,0,0,0,0,0,0,0,0,0,0,0,0,0,0,0,0,0,0,0,0,0,0,0,0,0,0,0,0,0,0
97,0,245,6,27,1,30,0,14,0,2,0,35,0,2418,26,3,0,535,2,19,0,1,0,0,0,0,0,0,0,0,0,26,2,0,0,0,84,868,3,3,0,4,0,0,0,62,0,41,0,13,0,11,1,12,0,1,0,0,0,137,3,68,3,20,2,49,4,3,3,2113,18,862,3,107,4,84,4,6,1,0,0,4,0,10,4,3,0,10,2,0,0,1,0,0,0,0,0,3,0,2,0,0,0,0,0,0,0,0,2,0,0,0,0,0,0,1,0,0,0,2,0,1,0,1,0,16,0,31,1,7,0,0,0,12,0,0,0,1,0,0,0,1,1,27,2,8,0,5,0,17,0,63,2,546,16,2,0,0,0,1,0,9,0,1,0,0,0,1,0
286,43,259,144,110,56,32,37,38,51,0,1,24,13,530,1584,9,7,117,461,7,12,2,2,0,0,0,0,0,0,0,0,25,21,0,0,84,0,18,793,4,5,0,11,0,0,4,21,3,9,1,34,7,11,16,8,0,0,0,0,123,42,23,17,19,9,21,14,7,17,86,1729,202,303,177,417,110,142,7,24,0,0,0,1,12,8,6,0,14,11,0,0,3,0,0,2,0,1,2,1,0,0,1,1,0,0,0,1,0,0,0,1,1,1,0,0,0,0,0,2,0,1,4,0,2,4,28,27,29,45,3,5,0,0,13,9,0,0,2,0,1,2,3,1,35,16,4,5,2,3,28,18,12,310,56,1098,3,0,0,1,0,1,1,0,0,0,1,0,1,0
7,3,30,1,2,0,5,0,2,0,1,0,10,0,59,2,0,0,50,1,0,0,0,0,0,0,0,0,0,0,0,0,11,0,0,0,868,18,0,65,31,13,8,2,1,0,222,30,214,82,24,4,75,58,74,44,2,4,3,4,3,2,57,6,44,10,30,5,51,21,1438,120,4,3,9,0,22,13,8,5,0,0,7,3,43,13,3,0,56,39,1,0,35,14,0,0,0,0,3,0,1,1,0,0,0,0,1,1,0,0,0,0,2,1,0,0,0,0,0,0,1,2,0,0,2,1,3,1,25,4,6,0,0,0,4,1,0,0,1,2,3,0,1,6,35,5,2,0,3,0,0,0,10,3,76,4,0,0,0,0,2,0,3,0,0,0,0,0,0,0
2,1,1,3,0,0,1,0,0,0,0,0,2,0,1,3,0,0,2,2,0,0,0,0,0,0,0,0,0,0,0,0,3,5,0,0,3,793,65,0,15,100,4,12,0,0,45,204,25,181,3,72,40,117,41,37,2,4,1,0,3,0,14,3,14,0,6,9,8,10,94,1225,2,0,2,1,6,6,2,2,0,0,1,0,11,7,0,0,16,16,0,0,14,1,0,0,0,0,1,0,0,0,0,0,0,0,0,0,0,0,0,0,0,0,2,0,0,0,0,1,0,0,1,0,0,0,2,0,3,1,1,0,0,0,0,0,1,0,1,1,1,0,3,0,7,9,0,0,0,0,0,0,0,11,0,60,0,0,0,0,1,0,0,0,0,0,0,0,0,0
34,2,18,1,15,0,8,0,10,0,18,0,8,1,2,2,0,0,1,0,1,0,5,0,2,0,1,0,6,0,3,0,126,3,0,0,3,4,31,15,0,15,1070,2,358,0,122,3,12,23,283,2,45,25,217,27,46,4,346,3,26,1,14,7,18,2,7,4,16,10,179,46,6,1,65,4,432,11,283,8,0,0,4,1,66,5,109,0,136,27,221,0,699,7,17,17,26,17,27,26,44,2,24,13,16,3,37,10,19,9,5,5,11,2,4,0,4,4,1,1,4,0,5,0,45,1,37,3,84,2,10,0,17,0,57,8,15,0,256,3,30,0,41,0,422,2,4,0,8,1,0,0,0,0,4,0,23,0,4,4,7,3,172,0,13,1,10,8,22,9
1,24,2,12,0,9,0,1,0,2,0,6,0,5,0,16,5,28,0,1,1,0,0,6,0,3,0,1,0,9,0,1,0,135,0,0,0,5,13,100,15,0,4,1208,0,440,15,52,6,14,2,212,9,23,6,123,0,52,0,714,0,12,3,5,1,9,0,13,0,18,16,157,1,7,2,84,1,415,4,366,0,0,0,4,0,124,0,278,2,580,0,221,0,408,4,6,2,6,0,20,6,8,11,5,10,0,6,8,2,3,3,2,11,5,1,2,0,0,0,1,0,4,0,6,0,64,1,107,0,60,0,13,0,6,0,45,0,8,0,340,0,20,0,77,1,485,0,12,0,14,0,0,0,0,0,0,0,174,3,6,1,3,1,86,1,2,1,7,10,4
4,0,1,0,0,0,0,0,1,0,0,0,2,0,0,0,0,0,0,0,0,0,0,0,1,0,0,0,0,0,0,0,46,0,0,0,4,0,8,4,1070,4,0,2,459,0,89,3,9,2,722,0,6,1,31,2,5,0,1155,0,5,1,6,0,4,0,1,0,4,0,179,2,2,0,3,1,39,2,13,3,0,0,2,0,14,1,166,0,28,0,180,0,256,0,25,23,35,11,13,18,107,1,33,12,23,2,72,11,24,6,6,3,0,0,1,1,3,4,0,0,0,0,0,0,1,0,6,1,18,0,3,0,0,0,7,0,1,0,4,0,4,0,2,0,10,0,1,0,0,0,0,0,0,0,0,0,1,0,1,1,6,0,4,1,0,0,0,4,4,1
0,19,0,5,0,5,0,1,0,0,0,2,0,1,0,10,0,3,0,1,0,0,0,1,0,0,0,0,0,0,0,0,0,17,0,0,0,11,2,12,2,1208,2,0,0,659,5,74,2,7,1,1018,1,10,1,21,0,33,0,2054,0,14,0,4,0,9,2,13,0,10,1,186,0,5,1,22,0,59,0,55,0,0,0,1,0,19,0,147,0,102,0,301,0,212,2,19,2,13,0,56,1,31,2,10,2,5,8,27,1,6,0,4,0,0,2,0,0,0,0,0,0,0,0,0,0,0,1,18,0,26,1,1,0,0,0,0,0,0,0,3,0,3,0,0,0,4,0,0,0,3,0,0,1,0,0,4,0,0,0,0,0,1,1,5,0,0,0,1,0,0
0,0,1,0,1,0,0,0,0,0,4,0,0,0,0,0,0,0,0,0,2,0,0,0,1,0,2,0,7,0,0,0,108,0,0,0,0,0,1,0,358,0,459,0,0,0,4,0,0,0,7,0,1,0,6,0,1,0,31,0,0,0,0,0,1,0,0,0,0,1,0,0,0,0,10,0,466,0,153,0,0,0,0,0,0,0,629,0,38,0,246,0,138,0,0,0,0,0,1,0,0,0,0,0,0,0,0,0,0,0,0,0,0,0,0,0,0,0,0,0,2,0,0,0,38,0,1,1,1,0,1,0,7,0,23,2,0,0,10,0,2,0,1,0,13,0,0,0,0,0,1,0,3,0,0,0,15,0,0,0,0,0,9,0,1,0,0,2,1,0
0,0,0,1,0,0,0,0,0,1,0,1,0,0,0,1,0,52,0,0,0,0,0,3,0,0,0,1,0,1,0,0,0,35,0,0,0,0,0,0,0,440,0,659,0,0,0,6,0,1,0,18,0,0,0,9,0,8,0,249,0,0,0,0,0,0,0,0,0,0,1,6,0,0,0,7,0,313,0,94,0,0,0,0,0,6,0,742,0,63,0,393,0,151,0,0,0,0,0,0,0,0,0,0,0,0,0,0,0,0,0,0,0,0,0,0,0,0,0,0,0,0,0,0,0,16,0,1,0,2,0,0,0,0,0,1,0,1,0,12,0,1,0,3,0,8,0,0,0,0,0,0,0,0,0,0,0,196,0,0,0,0,0,0,0,0,0,1,2,0
5,0,13,0,4,2,0,0,1,1,1,0,1,0,21,0,0,0,3,1,0,0,0,0,0,0,1,0,0,0,0,0,50,4,0,0,62,4,222,45,122,15,89,5,4,0,0,360,2597,191,3422,110,1539,99,1198,51,517,6,203,11,1,1,13,5,0,1,2,3,8,17,1404,162,0,0,2,0,122,18,14,7,0,0,0,4,68,16,20,0,84,38,6,1,95,13,0,1,2,0,5,0,9,0,8,0,0,0,1,0,4,0,0,0,0,0,0,13,0,0,0,0,1,0,1,0,5,0,5,0,7,2,1,0,0,0,7,0,4,1,12,2,7,3,11,0,70,2,0,0,3,2,0,0,1,0,7,1,0,0,0,0,3,0,4,0,0,0,0,0,1,0
0,0,0,1,0,0,0,0,0,1,0,0,0,0,0,0,0,0,0,1,0,0,0,0,0,0,0,0,0,0,0,0,0,9,0,0,0,21,30,204,3,52,3,74,0,6,360,0,110,2817,10,3618,24,1037,3,706,0,230,0,145,1,0,0,0,0,1,0,1,0,4,39,1131,0,0,0,0,0,61,0,19,0,0,0,0,0,42,0,5,0,89,0,0,0,12,0,0,0,0,0,0,0,1,0,0,0,0,0,0,0,1,0,0,0,0,0,0,0,0,0,0,0,0,0,0,0,1,0,1,1,1,0,0,0,0,0,1,0,0,0,15,0,0,0,5,1,12,0,1,0,0,0,0,0,0,0,6,0,0,0,0,0,0,0,1,0,0,0,1,0,0
4,0,3,0,0,0,0,0,0,0,0,0,1,0,4,0,0,0,2,0,0,0,0,0,0,0,0,0,1,0,0,0,2,2,0,0,41,3,214,25,12,6,9,2,0,0,2597,110,0,496,249,9,2504,98,295,51,5,3,17,9,3,0,51,2,10,0,0,1,3,10,1280,125,0,0,3,1,9,7,1,3,0,0,2,2,18,8,1,1,19,24,0,0,9,9,0,0,0,0,2,0,1,0,0,0,0,0,0,0,0,0,0,0,0,0,0,1,0,0,0,0,0,0,0,0,0,0,0,0,2,0,0,0,0,0,1,0,0,0,2,0,0,0,3,1,10,1,0,0,1,0,0,0,0,1,3,0,0,0,0,0,0,0,1,0,0,0,0,0,1,0
0,0,1,1,1,1,0,0,0,1,0,0,0,0,0,1,0,0,0,0,0,0,0,0,0,0,0,0,0,0,0,0,1,4,0,0,0,9,82,181,23,14,2,7,0,1,191,2817,496,0,7,195,53,2504,9,459,0,25,0,16,0,1,1,44,0,1,0,2,1,12,75,958,0,1,3,0,1,29,0,9,0,0,1,4,0,39,0,0,2,45,0,0,3,8,0,0,0,0,0,1,0,0,0,1,0,0,0,0,0,0,0,0,0,0,0,0,0,0,0,0,0,0,0,0,0,0,0,0,0,4,0,0,0,0,0,1,0,0,0,3,0,3,0,2,4,5,0,0,0,1,0,0,0,0,0,0,0,0,1,0,0,0,0,0,0,0,0,0,0,0
8,0,4,0,3,0,1,0,1,0,5,0,2,0,4,0,0,0,3,0,0,0,0,0,0,0,1,0,2,0,0,0,70,0,0,0,13,1,24,3,283,2,722,1,7,0,3422,10,249,7,0,1,122,4,641,3,1649,0,1786,0,4,0,3,0,1,0,2,0,1,0,773,9,3,0,6,0,113,2,8,0,0,0,1,0,37,0,16,0,70,1,9,0,197,1,0,0,0,0,24,0,14,0,19,0,0,0,0,0,0,0,0,0,0,11,0,8,0,0,0,0,0,0,1,0,6,0,1,0,3,1,1,0,2,0,20,0,2,0,14,0,3,0,3,0,33,0,0,0,0,0,0,0,0,0,0,0,0,0,0,0,1,0,2,0,2,0,0,0,2,1
0,1,0,6,0,1,0,0,0,0,0,2,0,0,0,1,0,5,0,1,0,1,0,1,0,0,0,0,0,0,0,0,0,61,0,0,0,34,4,72,2,212,0,1018,0,18,110,3618,9,195,1,0,2,132,2,604,0,1153,0,1360,1,0,1,1,1,0,0,0,0,3,7,997,0,0,1,2,0,146,0,18,0,0,0,0,0,78,0,31,1,162,0,9,0,90,0,68,0,1,0,32,1,17,2,61,0,0,0,1,0,0,0,0,1,61,10,5,3,1,0,0,0,0,0,0,0,3,0,7,0,29,0,2,0,0,0,4,0,0,0,15,0,8,0,9,0,21,0,2,0,2,0,0,0,12,0,23,0,0,0,2,0,0,0,1,0,0,0,1,24,0
17,1,10,0,2,1,0,0,0,0,0,0,6,0,10,4,0,0,2,0,0,1,0,0,0,0,0,0,0,0,0,0,18,8,0,0,11,7,75,40,45,9,6,1,1,0,1539,24,2504,53,122,2,0,78,2892,61,33,6,28,2,8,2,521,8,39,4,3,5,16,15,643,223,10,2,5,0,64,16,5,4,0,0,12,8,62,23,2,0,68,56,0,0,25,17,0,0,2,0,6,2,1,0,1,0,0,0,1,0,2,0,0,0,0,0,0,0,0,0,0,1,2,0,3,0,5,0,5,2,27,2,2,0,1,0,3,0,1,0,7,7,6,3,11,0,58,0,2,0,3,2,0,0,0,0,0,0,0,0,0,0,1,0,2,0,0,0,0,0,0,0
0,4,1,5,0,1,1,0,0,1,0,0,2,0,1,5,0,0,0,0,0,0,0,0,0,0,0,0,0,0,0,0,0,18,0,0,1,11,58,117,25,23,1,10,0,0,99,1037,98,2504,4,132,78,0,15,2174,1,80,0,38,1,5,3,340,1,7,0,11,0,358,74,875,0,9,0,6,0,65,0,28,0,0,0,11,1,97,0,4,1,132,0,0,1,20,0,1,0,1,0,1,0,0,0,0,1,0,0,1,0,0,1,1,0,0,0,0,0,0,0,0,0,0,0,0,0,1,0,2,2,5,0,3,0,0,0,0,0,0,0,19,1,2,1,9,5,9,0,1,0,4,0,0,0,0,0,1,0,0,0,0,0,0,0,3,0,0,0,0,0,0
158,0,78,0,86,1,12,0,6,0,8,0,8,0,14,9,0,0,1,2,0,0,0,0,0,0,0,0,2,0,0,0,164,4,0,0,12,16,74,41,217,6,31,1,6,0,1198,3,295,9,641,2,2892,15,0,31,3254,3,842,0,101,0,922,4,729,1,35,6,882,22,359,135,18,1,21,2,283,5,38,7,0,0,46,2,439,15,50,0,2366,28,14,0,319,8,4,0,6,2,25,1,12,0,3,3,4,1,3,0,9,2,0,0,0,0,1,0,0,0,0,0,5,0,5,0,15,2,36,0,62,2,7,0,0,0,25,0,5,0,30,1,29,0,49,1,179,3,6,0,16,2,0,0,0,0,0,2,0,0,0,0,7,1,10,1,0,0,1,1,0,1
0,23,0,11,0,7,0,4,1,2,0,2,2,1,0,7,0,0,0,3,0,0,0,1,0,1,0,0,0,0,0,0,0,90,0,0,0,8,44,37,27,123,2,21,0,9,51,706,51,459,3,604,61,2174,31,0,0,1181,1,466,0,10,1,96,3,11,1,21,0,1004,64,512,0,1,0,9,4,265,0,80,0,0,0,35,1,480,0,26,5,3004,0,4,2,423,0,0,0,0,1,6,0,0,0,3,0,0,0,1,1,0,0,0,0,0,0,0,0,0,0,0,0,1,0,0,0,3,0,7,3,11,0,0,0,0,1,1,0,1,0,74,0,15,0,21,4,48,0,4,1,7,0,0,0,0,0,0,0,2,0,3,1,1,2,8,0,0,0,1,1,0
2,0,3,0,1,0,0,0,2,0,0,0,0,0,0,1,0,0,0,0,0,0,0,0,0,0,0,0,0,0,0,0,31,0,0,0,1,0,2,2,46,0,5,0,1,0,517,0,5,0,1649,0,33,1,3254,0,0,0,2351,0,2,0,4,0,0,0,1,0,0,1,33,5,0,0,0,0,50,0,5,0,0,0,1,0,40,0,7,0,110,1,7,0,331,0,0,0,0,0,0,0,0,0,2,0,0,0,0,0,0,0,0,0,0,0,0,0,0,0,0,0,0,0,1,0,0,0,0,0,3,0,1,0,0,0,0,0,1,0,4,0,2,0,2,0,6,0,0,0,0,0,0,0,0,0,1,0,0,0,0,0,1,0,0,0,0,0,0,0,0,1
0,3,0,0,0,0,0,0,0,0,0,4,0,0,0,0,0,0,0,0,0,0,0,1,0,0,0,0,0,2,0,0,0,29,0,0,0,0,4,4,4,52,0,33,0,8,6,230,3,25,0,1153,6,80,3,1181,0,0,0,1321,0,0,1,1,0,0,0,0,1,0,8,38,0,0,0,2,0,69,0,13,0,0,0,1,0,42,1,11,0,320,0,2,0,1341,0,0,0,0,0,0,0,0,0,0,0,0,0,0,0,0,0,1,0,0,0,0,0,0,0,0,0,0,0,0,0,1,0,0,0,1,0,1,0,0,0,0,0,0,0,17,0,1,0,4,1,5,0,0,0,0,0,0,0,0,0,0,0,0,0,0,0,0,0,0,0,0,0,0,0,0
0,0,0,0,3,0,0,0,1,0,4,0,0,0,1,0,0,0,0,0,0,0,0,0,0,0,1,0,0,0,1,0,38,0,0,0,0,0,3,1,346,0,1155,0,31,0,203,0,17,0,1786,0,28,0,842,1,2351,0,0,1,0,0,0,0,0,0,0,0,1,0,53,1,0,0,0,0,46,0,1,0,0,0,1,0,19,0,136,0,161,0,266,0,2188,0,0,0,0,0,0,0,0,0,2,0,0,0,0,0,0,0,0,0,0,0,0,0,0,0,0,0,0,0,0,0,0,0,2,0,2,0,0,0,0,0,0,0,0,0,2,0,0,0,0,0,8,0,0,0,0,0,0,0,0,0,0,0,0,0,0,0,0,0,1,0,0,0,0,0,0,0
0,0,0,1,0,0,0,0,0,0,0,7,0,0,0,0,0,19,0,0,0,0,0,8,0,2,0,0,0,6,0,0,0,79,0,0,0,0,4,0,3,714,0,2054,0,249,11,145,9,16,0,1360,2,38,0,466,0,1321,1,0,0,0,0,1,0,0,0,0,0,1,4,93,0,0,0,2,0,133,0,8,0,0,0,0,0,55,0,198,0,633,0,800,0,4428,0,16,0,1,0,0,0,1,0,44,0,1,0,0,0,1,0,0,0,0,0,0,0,0,0,0,0,0,0,0,0,1,0,0,0,0,0,0,0,0,0,0,0,0,0,9,0,0,0,1,0,6,0,0,0,0,0,0,0,0,0,0,0,0,0,0,0,0,0,0,0,0,0,0,0,0
4642,17,239,12,92,0,307,2,91,1,0,0,616,1,114,117,0,0,3,1,0,0,0,0,0,0,0,0,0,0,1,0,140,2,0,0,137,123,3,3,26,0,5,0,0,0,1,1,3,0,4,1,8,1,101,0,2,0,0,0,0,5,714,3,1850,1,1692,1,181,1,173,16,492,22,299,14,372,8,69,3,0,0,86,0,487,2,30,1,257,0,0,0,42,0,0,3,1,2,16,4,0,0,1,1,0,1,4,2,1,1,0,1,3,1,1,0,0,0,0,1,0,0,8,0,3,0,116,4,155,4,59,2,2,0,93,0,5,0,2,0,2,1,3,0,118,1,19,1,14,0,1,0,0,3,6,2,1,0,1,0,17,0,80,0,9,0,1,2,2,2
7,4149,3,267,2,122,1,246,2,30,0,0,1,1107,5,236,0,0,0,9,0,0,0,0,0,0,0,0,0,0,0,0,1,172,0,0,3,42,2,0,1,12,1,14,0,0,1,0,0,1,0,0,2,5,0,10,0,0,0,0,5,0,5,1329,2,684,8,2433,1,250,16,198,7,273,17,220,2,327,2,77,0,0,3,9,4,202,0,0,3,158,0,0,1,2,0,11,0,6,0,9,0,0,0,2,0,1,0,3,0,4,0,0,0,0,0,1,0,1,0,0,0,0,0,0,0,8,0,39,6,113,4,6,0,0,1,2,0,0,0,4,0,0,0,10,1,35,0,8,1,8,0,0,0,2,0,1,0,0,0,0,0,0,1,2,0,0,0,2,0,0
65,2,59,3,15,1,17,1,15,0,0,0,32,0,52,5,0,0,0,0,0,0,0,0,0,0,0,0,0,0,0,0,52,2,0,0,68,23,57,14,14,3,6,0,0,0,13,0,51,1,3,1,521,3,922,1,4,1,0,0,714,5,0,4,1313,6,133,8,402,9,1313,50,51,3,29,4,81,7,11,4,0,0,16,1,69,4,2,0,47,12,0,0,6,0,0,0,1,2,4,1,3,0,0,0,0,0,0,1,1,0,0,0,0,0,0,0,1,0,0,0,1,0,2,0,1,0,16,3,84,5,8,0,0,0,10,1,2,0,0,1,9,1,6,0,41,0,10,0,7,1,0,0,0,1,0,0,0,0,1,0,9,1,20,1,1,0,0,0,1,0
3,112,0,64,1,27,0,8,2,3,0,0,2,7,1,38,0,0,0,2,0,0,0,0,0,0,0,0,0,0,0,0,1,71,0,0,3,17,6,3,7,5,0,4,0,0,5,0,2,44,0,1,8,340,4,96,0,1,0,1,3,1329,4,0,2,891,3,147,3,880,14,1481,1,41,4,25,3,60,0,11,0,0,1,12,5,30,0,0,5,30,0,0,1,3,0,1,0,0,0,1,0,0,1,2,0,0,0,2,0,1,0,0,0,0,0,0,0,0,0,0,0,0,0,1,0,0,1,7,4,22,0,0,0,0,1,0,0,0,0,0,0,2,0,5,1,5,0,1,0,2,0,0,0,0,0,0,0,0,0,0,0,1,0,1,0,0,0,0,0,0
249,2,24,0,42,0,9,2,6,0,0,0,16,0,5,9,0,0,0,1,0,0,0,0,0,0,0,0,0,0,0,0,28,4,0,0,20,19,44,14,18,1,4,0,1,0,0,0,10,0,1,1,39,1,729,3,0,0,0,0,1850,2,1313,2,0,3,878,7,2001,7,126,38,12,2,26,4,61,6,15,2,0,0,20,0,80,1,3,0,113,5,0,0,12,0,0,0,1,1,4,1,1,0,0,1,0,0,0,0,0,0,0,0,0,0,0,0,0,0,0,1,0,0,0,0,2,1,10,0,53,0,7,0,0,0,6,0,0,0,1,0,7,1,6,1,30,2,4,0,5,0,0,0,0,0,1,2,0,0,0,0,5,0,8,0,0,0,0,1,0,1
0,275,0,60,1,60,1,21,0,3,0,0,2,7,1,25,0,0,0,1,0,0,0,0,0,0,0,0,0,0,0,0,2,33,0,0,2,9,10,0,2,9,0,9,0,0,1,1,0,1,0,0,4,7,1,11,0,0,0,0,1,684,6,891,3,0,5,875,2,1176,8,65,0,7,2,32,3,40,1,16,0,0,0,10,1,34,0,0,0,84,0,0,0,0,0,4,0,2,0,3,0,0,0,0,0,0,0,1,0,0,0,0,0,0,0,0,0,0,0,0,0,0,0,0,0,3,0,12,3,23,0,2,0,0,0,1,0,0,0,3,0,2,0,3,1,7,0,0,1,2,0,0,0,0,0,0,0,0,0,0,0,0,0,1,0,0,0,0,0,0
286,1,10,7,33,1,143,1,35,0,0,0,222,1,6,7,0,0,0,1,1,0,0,0,0,0,0,0,1,0,0,0,26,3,0,0,49,21,30,6,7,0,1,2,0,0,2,0,0,0,2,0,3,0,35,1,1,0,0,0,1692,8,133,3,878,5,0,8,261,6,78,42,8,10,51,4,41,3,3,1,0,0,33,0,1134,6,19,0,458,2,0,0,6,0,0,0,1,0,1,0,0,0,0,0,0,0,0,0,1,0,0,0,0,0,0,0,0,0,0,0,0,0,0,0,0,0,10,2,31,6,6,0,0,0,8,0,0,0,1,0,1,0,3,0,21,0,2,0,2,1,0,0,0,0,1,0,0,0,1,0,4,0,8,0,0,0,0,0,1,0
1,394,1,48,1,110,1,249,0,104,0,0,0,697,0,27,0,0,0,6,0,0,0,0,0,0,0,0,0,0,0,0,0,208,0,0,4,14,5,9,4,13,0,13,0,0,3,1,1,2,0,0,5,11,6,21,0,0,0,0,1,2433,8,147,7,875,8,0,5,716,21,80,1,20,2,94,2,151,0,37,0,0,2,68,5,1218,0,0,11,318,0,0,4,3,0,7,0,2,0,3,0,0,1,1,0,2,0,4,0,1,0,0,0,0,0,0,1,1,0,0,0,0,0,0,0,2,0,16,4,36,1,2,0,0,0,2,0,0,0,0,0,7,0,10,4,14,0,5,0,13,0,0,0,2,0,0,0,1,0,0,0,3,2,1,0,0,0,0,0,1
135,1,24,1,23,1,22,0,3,0,1,0,16,0,5,3,0,0,0,0,0,0,0,0,0,0,0,0,0,0,1,0,28,1,0,0,3,7,51,8,16,0,4,0,0,0,8,0,3,1,1,0,16,0,882,0,0,1,1,0,181,1,402,3,2001,2,261,5,0,7,59,25,8,0,14,0,72,4,18,1,0,0,34,1,278,4,2,0,1199,3,0,0,53,0,0,0,0,0,5,0,2,0,0,0,0,0,1,0,1,0,0,0,0,0,0,0,0,0,0,0,0,0,1,0,1,0,9,0,42,1,2,0,0,0,3,0,0,0,1,0,2,0,6,0,33,0,6,0,9,0,0,0,0,0,1,0,0,0,0,0,3,0,10,0,0,0,1,0,1,0
0,317,0,34,1,114,0,47,1,20,0,0,1,25,2,24,0,0,0,3,0,0,0,0,0,0,0,0,0,0,0,0,0,83,0,0,3,17,21,10,10,18,0,10,1,0,17,4,10,12,0,3,15,358,22,1004,1,0,0,1,1,250,9,880,7,1176,6,716,7,0,23,414,1,26,2,39,6,101,0,25,0,0,2,39,7,362,1,1,9,1224,0,0,7,43,0,2,0,0,0,9,0,0,0,1,0,1,0,3,0,0,0,1,2,0,0,0,0,0,0,0,0,0,0,0,0,5,1,8,2,16,0,2,0,0,2,2,0,0,0,4,0,6,0,8,3,6,0,3,3,6,0,0,0,0,0,5,0,0,0,0,0,1,0,1,0,0,0,1,0,0
160,4,291,6,36,7,24,1,18,0,0,0,26,4,422,17,0,0,62,3,0,0,0,0,0,0,0,0,0,0,0,0,36,11,0,0,2113,86,1438,94,179,16,179,1,0,1,1404,39,1280,75,773,7,643,74,359,64,33,8,53,4,173,16,1313,14,126,8,78,21,59,23,0,303,342,20,82,8,68,24,16,4,0,0,19,3,69,27,7,1,64,48,2,1,31,21,0,1,2,1,7,2,6,1,0,2,2,0,2,0,1,0,0,0,0,0,0,0,0,1,0,0,1,0,3,0,4,0,21,7,60,8,12,0,1,0,12,0,1,0,4,5,2,2,3,1,51,4,6,2,7,1,0,0,1,0,24,7,0,0,0,1,7,0,11,0,3,0,0,0,0,2
15,40,10,67,3,24,6,13,4,6,0,2,10,22,15,125,0,0,2,13,0,1,0,0,0,0,0,0,0,0,0,0,6,102,0,0,18,1729,120,1225,46,157,2,186,0,6,162,1131,125,958,9,997,223,875,135,512,5,38,1,93,16,198,50,1481,38,65,42,80,25,414,303,0,13,300,45,55,30,159,3,49,0,0,4,31,49,94,3,3,52,208,0,2,42,80,2,5,0,4,2,8,0,6,1,5,0,0,2,6,1,0,0,0,0,1,25,0,0,0,1,0,0,0,0,0,2,5,7,24,22,48,3,1,0,0,4,3,2,1,0,25,4,6,1,14,18,39,3,3,3,9,1,0,2,16,0,89,0,0,0,0,1,2,4,2,0,0,0,1,1,0
267,19,159,11,7,2,22,1,21,1,0,0,21,2,1362,133,0,0,1,2,0,0,0,0,0,0,0,0,0,0,0,0,21,0,0,0,862,202,4,2,6,1,2,0,0,0,0,0,0,0,3,0,10,0,18,0,0,0,0,0,492,7,51,1,12,0,8,1,8,1,342,13,0,58,116,18,154,11,20,2,0,0,0,0,5,1,1,0,4,0,0,0,0,0,0,0,0,0,3,2,0,0,0,2,0,0,0,0,3,3,0,0,0,2,0,0,0,0,0,0,0,0,5,0,0,0,46,3,51,7,18,0,0,0,50,0,4,0,1,0,1,0,1,0,52,2,6,3,4,0,0,0,0,1,4,0,0,0,0,1,7,0,32,0,3,0,1,1,3,1
18,486,8,151,4,27,2,21,0,6,0,0,9,18,14,902,0,0,0,6,0,0,0,0,0,0,0,0,0,0,0,0,3,23,0,0,3,303,3,0,1,7,0,5,0,0,0,0,0,1,0,0,2,9,1,1,0,0,0,0,22,273,3,41,2,7,10,20,0,26,20,300,58,0,31,137,5,147,1,54,0,0,2,0,2,6,0,1,2,4,0,0,1,0,2,8,0,3,0,7,0,1,0,4,2,0,2,3,0,2,0,1,1,0,0,0,0,0,0,0,0,0,0,0,0,3,0,32,3,71,3,5,0,0,5,0,0,0,0,1,0,0,1,7,4,20,1,6,0,9,0,0,0,0,0,3,0,0,0,0,1,4,2,3,0,0,0,4,0,0
638,23,1212,90,1359,63,289,17,682,15,186,3,106,4,298,223,152,405,263,51,232,5,298,3,36,0,33,0,41,0,55,0,360,3,0,0,107,177,9,2,65,2,3,1,10,0,2,0,3,3,6,1,5,0,21,0,0,0,0,0,299,17,29,4,26,2,51,2,14,2,82,45,116,31,0,311,3041,28,489,11,0,0,14,0,61,1,11,1,31,4,3,0,8,0,1,3,2,0,24,2,1,0,0,2,2,0,5,1,3,1,0,0,8,1,1,0,0,0,0,1,22,0,38,0,175,0,317,9,163,9,79,2,28,0,426,30,31,0,4,0,10,0,20,2,465,11,22,1,41,1,35,22,71,19,160,87,138,0,7,2,30,2,60,1,15,0,6,1,17,4
26,1036,68,1510,38,1889,4,507,4,743,9,270,1,128,39,912,70,204,31,446,29,277,12,178,0,37,2,40,2,55,9,6,3,297,0,0,4,417,0,1,4,84,1,22,0,7,0,0,1,0,0,2,0,6,2,9,0,2,0,2,14,220,4,25,4,32,4,94,0,39,8,55,18,137,311,0,16,3175,1,1727,0,0,0,29,4,68,0,5,1,88,0,1,1,5,1,32,6,14,2,33,2,7,6,17,2,2,9,28,4,9,2,3,13,9,1,2,0,0,0,2,0,11,0,15,0,418,3,790,3,490,1,129,0,4,2,273,0,45,0,5,1,14,0,40,5,654,0,61,0,77,65,22,9,125,24,230,2,295,0,6,1,29,2,39,0,3,1,16,31,4
722,5,858,21,591,11,267,2,549,4,429,0,277,3,281,86,258,4,151,17,80,4,129,0,122,0,27,0,114,0,71,0,2377,2,0,0,84,110,22,6,432,1,39,0,466,0,122,0,9,1,113,0,64,0,283,4,50,0,46,0,372,2,81,3,61,3,41,2,72,6,68,30,154,5,3041,16,0,9,2030,7,0,0,30,1,166,2,133,0,251,1,98,0,145,0,4,8,8,8,88,10,12,2,6,13,7,4,12,4,21,8,1,1,13,8,0,0,0,1,0,12,6,0,17,0,182,0,303,3,165,3,99,0,16,0,231,14,24,1,32,1,34,1,28,1,251,2,19,0,22,0,27,8,48,7,123,31,217,0,24,8,55,1,133,5,21,2,17,15,45,18
14,966,26,1073,17,755,0,214,1,582,2,531,1,130,14,479,3,149,18,358,7,51,0,246,0,43,0,57,0,47,4,20,5,2200,0,0,4,142,13,6,11,415,2,59,0,313,18,61,7,29,2,146,16,65,5,265,0,69,0,133,8,327,7,60,6,40,3,151,4,101,24,159,11,147,28,3175,9,0,4,2191,0,0,1,69,5,459,0,149,3,343,0,67,4,108,1,21,5,8,2,40,2,0,3,8,7,2,12,22,3,14,2,2,3,6,0,0,2,2,0,1,0,1,1,2,1,172,4,220,2,164,0,43,0,4,1,60,0,9,0,117,0,68,1,57,3,176,0,20,0,29,9,9,2,48,10,104,0,544,0,7,2,23,1,54,0,2,0,15,27,5
110,0,55,0,29,3,18,1,30,0,21,1,41,1,8,8,4,1,7,0,3,0,6,0,5,0,1,0,7,0,6,0,84,0,0,0,6,7,8,2,283,4,13,0,153,0,14,0,1,0,8,0,5,0,38,0,5,0,1,0,69,2,11,0,15,1,3,0,18,0,16,3,20,1,489,1,2030,4,0,8,0,0,2,0,25,0,4,0,13,1,8,0,3,1,1,9,8,8,107,19,6,3,8,14,0,2,18,3,35,9,1,2,22,14,2,3,1,1,0,13,6,0,2,0,212,0,101,2,40,2,60,1,30,0,175,12,14,0,7,0,4,0,10,0,83,1,5,0,2,0,0,0,5,0,1,3,481,0,29,21,64,1,196,4,17,4,27,21,69,28
4,307,8,145,3,89,2,50,3,45,0,13,2,33,3,154,1,4,2,28,0,2,0,0,0,2,0,2,1,1,0,0,1,50,0,0,1,24,5,2,8,366,3,55,0,94,7,19,3,9,0,18,4,28,7,80,0,13,0,8,3,77,4,11,2,16,1,37,1,25,4,49,2,54,11,1727,7,2191,8,0,0,0,0,7,1,47,0,4,3,55,0,2,1,5,9,35,5,25,2,59,9,11,20,18,17,8,23,25,6,21,8,9,31,19,2,2,2,1,0,6,0,3,0,2,0,234,2,94,1,75,0,30,0,5,0,137,0,15,0,25,0,10,0,12,1,99,0,10,0,8,0,1,0,2,0,9,0,355,2,10,2,29,4,106,0,10,7,42,68,14
0,0,0,0,0,0,0,0,0,0,0,0,0,0,0,0,0,0,0,0,0,0,0,0,0,0,0,0,0,0,0,0,0,0,0,0,0,0,0,0,0,0,0,0,0,0,0,0,0,0,0,0,0,0,0,0,0,0,0,0,0,0,0,0,0,0,0,0,0,0,0,0,0,0,0,0,0,0,0,0,0,0,0,0,0,0,0,0,0,0,0,0,0,0,0,0,0,0,0,0,0,0,0,0,0,0,0,0,0,0,0,0,0,0,0,0,0,0,0,0,0,0,0,0,0,0,0,0,0,0,0,0,0,0,0,0,0,0,0,0,0,0,0,0,0,0,0,0,0,0,0,0,0,0,0,0,0,0,0,0,0,0,0,0,0,0,0,0,0,0
0,0,0,0,0,0,0,0,0,0,0,0,0,0,0,0,0,0,0,0,0,0,0,0,0,0,0,0,0,0,0,0,0,0,0,0,0,0,0,0,0,0,0,0,0,0,0,0,0,0,0,0,0,0,0,0,0,0,0,0,0,0,0,0,0,0,0,0,0,0,0,0,0,0,0,0,0,0,0,0,0,0,0,0,0,0,0,0,0,0,0,0,0,0,0,0,0,0,0,0,0,0,0,0,0,0,0,0,0,0,0,0,0,0,0,0,0,0,0,0,0,0,0,0,0,0,0,0,0,0,0,0,0,0,0,0,0,0,0,0,0,0,0,0,0,0,0,0,0,0,0,0,0,0,0,0,0,0,0,0,0,0,0,0,0,0,0,0,0,0
19,0,1,0,3,0,33,0,7,0,0,0,221,0,0,0,0,0,0,0,0,0,0,0,0,0,0,0,0,0,0,0,55,0,0,0,4,0,7,1,4,0,2,0,0,0,0,0,2,1,1,0,12,0,46,0,1,0,1,0,86,3,16,1,20,0,33,2,34,2,19,4,0,2,14,0,30,1,2,0,0,0,0,1,434,1,2,0,99,0,0,0,0,0,0,0,0,0,1,0,1,0,0,0,0,0,0,0,2,0,0,0,0,0,0,0,0,0,0,0,0,0,1,0,0,0,13,0,23,0,2,0,0,0,2,0,1,0,0,0,1,0,6,0,32,0,4,0,10,0,0,0,0,0,0,0,0,0,0,0,1,0,3,0,0,0,0,0,0,0
0,4,0,2,0,4,0,12,0,6,0,0,0,50,0,1,0,0,0,0,0,0,0,0,0,0,0,0,0,0,0,0,0,250,0,0,0,1,3,0,1,4,0,1,0,0,4,0,2,4,0,0,8,11,2,35,0,1,0,0,0,9,1,12,0,10,0,68,1,39,3,31,0,0,0,29,1,69,0,7,0,0,1,0,2,573,0,2,1,23,0,0,1,1,0,0,0,0,0,0,0,0,0,0,0,0,0,0,0,0,0,0,0,1,0,0,0,0,0,0,0,0,0,0,0,1,0,2,0,6,0,0,0,0,0,1,0,0,0,2,0,2,0,2,1,4,0,0,0,0,0,0,0,0,0,0,0,0,0,1,0,0,0,0,0,0,0,0,0,0
251,0,14,1,15,0,289,1,85,0,0,0,854,0,4,6,0,0,1,1,0,0,0,0,0,0,0,0,0,0,0,0,219,3,0,0,10,12,43,11,66,0,14,0,0,0,68,0,18,0,37,0,62,1,439,1,40,0,19,0,487,4,69,5,80,1,1134,5,278,7,69,49,5,2,61,4,166,5,25,1,0,0,434,2,0,7,969,0,4290,5,39,0,68,0,0,0,2,0,13,1,2,0,0,0,0,1,1,0,2,1,0,0,0,1,0,0,0,0,0,0,1,0,5,0,6,1,22,2,64,1,14,0,1,0,10,0,0,0,6,0,11,0,19,0,73,2,10,0,26,3,0,0,0,0,1,0,0,0,0,0,7,0,9,0,0,1,0,0,1,0
2,88,1,22,0,53,0,93,0,46,0,3,3,871,0,7,0,0,0,6,0,0,0,0,0,1,0,1,0,2,0,0,1,805,0,0,4,8,13,7,5,124,1,19,0,6,16,42,8,39,0,78,23,97,15,480,0,42,0,55,2,202,4,30,1,34,6,1218,4,362,27,94,1,6,1,68,2,459,0,47,0,0,1,573,7,0,1,1158,6,4132,0,294,6,72,0,3,0,1,0,4,0,0,1,0,0,0,1,0,0,1,0,0,0,0,0,0,0,0,0,0,0,0,0,1,0,2,0,12,3,24,0,0,0,0,0,2,0,0,0,39,0,11,0,25,5,28,0,2,0,3,0,1,0,0,1,1,0,0,0,0,0,1,0,0,0,0,0,0,0,0
42,0,25,1,12,0,361,0,193,0,25,0,585,0,9,5,1,0,0,1,0,0,0,0,1,0,1,0,15,0,1,0,506,0,0,0,3,6,3,0,109,0,166,0,629,0,20,0,1,0,16,0,2,0,50,0,7,1,136,0,30,0,2,0,3,0,19,0,2,1,7,3,1,0,11,0,133,0,4,0,0,0,2,0,969,1,0,0,743,0,891,0,159,0,0,0,0,0,1,0,0,0,0,0,0,0,0,0,0,0,0,0,0,0,0,0,0,0,0,0,1,0,1,0,1,0,7,0,5,0,1,0,0,0,5,0,0,0,1,0,2,0,1,1,5,0,2,0,0,0,0,0,1,0,1,0,0,0,0,0,1,0,2,0,1,0,0,0,0,0
0,4,0,4,0,2,0,77,0,23,0,4,0,271,1,3,0,61,0,1,0,2,0,11,0,1,0,3,0,8,0,1,0,446,0,0,0,0,0,0,0,278,0,147,0,742,0,5,1,0,0,31,0,4,0,26,0,11,0,198,1,0,0,0,0,0,0,0,0,1,1,3,0,1,1,5,0,149,0,4,0,0,0,2,0,1158,0,0,0,709,0,1274,0,301,0,0,0,0,0,0,0,0,0,0,0,0,0,0,0,0,0,0,0,0,0,0,0,0,0,0,0,0,0,0,0,0,0,2,0,0,0,0,0,0,0,1,0,0,0,5,0,0,0,1,0,5,0,0,0,2,0,0,0,0,1,1,0,0,0,0,0,0,0,0,0,0,0,0,0,0
586,2,24,0,88,0,123,0,55,1,22,0,39,0,14,12,0,1,2,1,3,0,3,0,3,0,1,0,10,0,1,0,415,1,0,0,10,14,56,16,136,2,28,0,38,0,84,0,19,2,70,1,68,1,2366,5,110,0,161,0,257,3,47,5,113,0,458,11,1199,9,64,52,4,2,31,1,251,3,13,3,0,0,99,1,4290,6,743,0,0,3,579,0,3605,1,0,1,0,0,5,0,2,0,1,0,1,0,1,0,0,1,0,0,1,1,0,0,0,0,0,0,0,0,0,1,4,1,12,0,20,2,2,0,0,0,8,1,2,0,12,2,3,0,19,0,48,0,3,0,8,1,0,0,0,0,2,2,1,0,0,0,2,0,2,0,0,0,0,0,0,0
1,466,0,79,0,265,0,81,0,40,0,13,1,27,4,27,0,7,1,11,0,1,0,13,0,3,0,1,0,12,0,0,0,375,0,0,2,11,39,16,27,580,0,102,0,63,38,89,24,45,1,162,56,132,28,3004,1,320,0,633,0,158,12,30,5,84,2,318,3,1224,48,208,0,4,4,88,1,343,1,55,0,0,0,23,5,4132,0,709,3,0,1,936,4,5370,0,3,0,0,1,5,0,0,0,0,0,0,0,0,0,0,0,0,0,0,0,0,0,0,0,0,0,0,1,0,0,1,1,16,0,16,1,1,0,0,0,6,0,0,0,29,0,6,1,9,7,26,1,3,0,7,0,0,0,0,1,2,0,1,0,0,0,2,0,2,0,0,0,1,1,0
1,0,3,0,4,0,0,0,1,0,17,0,0,0,0,0,2,0,0,0,1,0,1,0,2,0,2,0,12,0,2,0,202,0,0,0,0,0,1,0,221,0,180,0,246,0,6,0,0,0,9,0,0,0,14,0,7,0,266,0,0,0,0,0,0,0,0,0,0,0,2,0,0,0,3,0,98,0,8,0,0,0,0,0,39,0,891,0,579,1,0,0,1217,0,0,0,0,0,0,0,0,0,0,0,0,0,0,0,0,0,0,0,0,0,0,0,0,0,0,0,0,0,0,0,0,0,0,0,0,0,0,0,0,0,5,0,0,0,1,0,0,0,0,0,4,0,0,0,1,0,0,0,0,0,0,0,1,0,0,0,0,0,0,0,0,0,0,0,0,0
0,1,0,2,0,0,0,0,0,0,0,5,0,0,0,0,0,31,0,0,0,0,0,10,0,1,0,1,0,6,0,1,0,115,0,0,0,0,0,0,0,221,0,301,0,393,1,0,0,0,0,9,0,0,0,4,0,2,0,800,0,0,0,0,0,0,0,0,0,0,1,2,0,0,0,1,0,67,0,2,0,0,0,0,0,294,0,1274,0,936,0,0,0,1548,0,0,0,0,0,0,0,0,0,0,0,0,0,0,0,0,0,0,0,0,0,0,0,0,0,0,0,0,0,0,0,0,0,0,0,0,0,0,0,0,0,0,0,0,0,2,0,0,0,0,0,0,0,0,0,0,0,0,0,0,0,0,0,0,0,0,0,0,0,0,0,0,0,0,0,0
75,1,13,0,37,0,10,0,7,0,26,0,2,0,3,2,1,0,1,1,1,0,0,0,3,0,0,0,14,0,5,0,180,0,0,0,1,3,35,14,699,0,256,0,138,0,95,0,9,3,197,0,25,1,319,2,331,0,2188,0,42,1,6,1,12,0,6,4,53,7,31,42,0,1,8,1,145,4,3,1,0,0,0,1,68,6,159,0,3605,4,1217,0,0,0,0,0,0,0,0,0,0,0,0,0,0,0,1,0,0,0,0,0,0,0,0,0,0,0,0,0,0,0,1,0,0,0,4,1,4,0,1,0,0,0,1,0,0,0,6,0,0,0,0,0,4,0,2,0,0,0,0,0,0,0,0,1,0,1,0,0,0,0,0,0,0,0,0,0,1,0
0,9,0,5,0,2,0,0,0,1,0,5,0,0,0,1,0,19,0,0,0,0,0,4,0,1,0,2,0,5,0,0,0,109,0,0,0,0,14,1,7,408,0,212,0,151,13,12,9,8,1,90,17,20,8,423,0,1341,0,4428,0,2,0,3,0,0,0,3,0,43,21,80,0,0,0,5,0,108,1,5,0,0,0,1,0,72,0,301,1,5370,0,1548,0,0,0,0,0,0,0,1,0,0,0,0,0,0,0,0,0,0,0,0,0,0,0,0,0,0,0,0,0,0,0,0,0,0,0,0,0,1,0,0,0,0,0,1,0,0,0,2,0,1,0,0,0,4,0,0,0,2,0,0,0,0,0,0,0,0,0,0,0,0,0,0,0,0,0,0,0,0
0,1,0,0,0,1,0,0,0,0,0,0,1,0,0,0,0,0,0,0,0,0,0,0,0,0,0,0,0,0,0,0,1,0,0,0,0,0,0,0,17,4,25,2,0,0,0,0,0,0,0,0,0,0,4,0,0,0,0,0,0,0,0,0,0,0,0,0,0,0,0,2,0,2,1,1,4,1,1,9,0,0,0,0,0,0,0,0,0,0,0,0,0,0,0,18,5335,15,57,10,370,13,2161,17,766,1,1152,16,275,6,40,6,4,8,18,16,68,34,30,5,0,0,0,0,0,1,2,1,1,0,1,0,0,0,0,0,0,0,0,1,0,0,0,0,0,0,0,0,0,0,0,0,0,0,0,0,0,0,3,0,6,0,2,5,1,0,1,2,0,0
4,19,0,13,0,1,1,1,1,0,0,0,0,1,0,9,0,0,0,0,0,0,0,0,0,0,0,0,0,0,0,0,0,1,0,0,0,2,0,0,17,6,23,19,0,0,1,0,0,0,0,68,0,1,0,0,0,0,0,16,3,11,0,1,0,4,0,7,0,2,1,5,0,8,3,32,8,21,9,35,0,0,0,0,0,3,0,0,1,3,0,0,0,0,18,0,131,6643,3,93,40,100,44,6627,28,390,98,1428,49,422,10,176,21,6,52,91,425,139,18,27,0,0,0,0,1,3,2,28,3,16,0,3,0,0,0,1,0,0,1,0,0,0,0,0,0,5,0,0,0,0,0,0,0,0,0,0,0,0,0,4,2,1,9,8,1,0,0,27,1,7
3,2,0,1,0,1,1,0,1,0,0,0,1,0,0,2,0,0,0,0,0,0,0,0,0,0,0,0,0,0,0,0,1,0,0,0,0,0,0,0,26,2,35,2,0,0,2,0,0,0,0,0,2,0,6,0,0,0,0,0,1,0,1,0,1,0,1,0,0,0,2,0,0,0,2,6,8,5,8,5,0,0,0,0,2,0,0,0,0,0,0,0,0,0,5335,131,0,262,25,25,392,14,453,23,3358,11,1717,45,216,22,67,7,9,5,17,27,170,67,19,2,0,0,0,0,0,0,0,5,0,2,0,0,0,0,1,0,0,0,0,0,0,0,0,0,0,0,0,0,0,0,0,0,0,0,0,0,0,0,1,2,5,1,5,4,1,0,3,8,0,2
1,11,0,4,0,2,0,2,1,1,0,0,2,2,0,7,0,0,0,0,0,0,0,0,0,0,0,0,0,0,0,0,0,1,0,0,0,1,0,0,17,6,11,13,0,0,0,0,0,0,0,1,0,1,2,0,0,0,0,1,2,6,2,0,1,2,0,2,0,0,1,4,0,3,0,14,8,8,8,25,0,0,0,0,0,1,0,0,0,0,0,0,0,0,15,6643,262,0,2,41,27,53,23,719,17,2185,78,3045,24,279,7,95,24,16,36,70,599,241,22,20,0,0,0,0,0,1,0,17,0,6,0,2,0,0,0,0,0,0,1,1,0,0,0,0,0,3,0,0,0,0,0,0,0,0,0,0,0,0,1,0,1,1,2,6,1,0,0,10,1,1
17,0,5,1,5,0,3,0,2,0,1,0,2,0,3,0,0,0,0,1,0,0,0,0,0,0,0,0,0,0,0,0,9,0,0,0,3,2,3,1,27,0,13,0,1,0,5,0,2,0,24,0,6,0,25,1,0,0,0,0,16,0,4,0,4,0,1,0,5,0,7,2,3,0,24,2,88,2,107,2,0,0,1,0,13,0,1,0,5,1,0,0,0,0,57,3,25,2,0,6,511,14,110,10,29,1,176,2,176,6,2,3,255,305,108,12,7,56,30,177,0,0,0,0,20,5,44,5,130,3,63,0,4,0,47,1,8,0,4,0,18,0,17,0,55,2,14,0,10,0,0,0,0,0,2,0,5,0,33,32,61,0,28,6,50,10,13,15,229,26
4,23,1,11,0,5,1,2,1,2,0,0,0,3,1,14,0,0,0,1,0,0,0,0,0,0,0,0,0,0,0,0,0,0,0,0,0,1,0,0,26,20,18,56,0,0,0,0,0,1,0,32,2,1,1,6,0,0,0,0,4,9,1,1,1,3,0,3,0,9,2,8,2,7,2,33,10,40,19,59,0,0,0,0,1,4,0,0,0,5,0,0,0,1,10,93,25,41,6,0,39,1140,29,305,13,13,55,65,25,105,8,18,134,257,231,20,9,13,5,19,0,0,0,0,1,17,9,90,2,211,0,40,0,4,0,10,0,4,1,0,0,24,0,43,0,23,0,18,0,11,0,0,0,0,0,0,0,3,7,31,5,49,14,60,3,13,1,24,59,4
1,4,0,1,0,0,1,1,0,0,0,0,2,0,0,0,0,0,0,0,0,0,0,0,0,0,0,0,0,0,0,0,2,0,0,0,2,0,1,0,44,6,107,1,0,0,9,0,1,0,14,1,1,0,12,0,0,0,0,0,0,0,3,0,1,0,0,0,2,0,6,0,0,0,1,2,12,2,6,9,0,0,1,0,2,0,0,0,2,0,0,0,0,0,370,40,392,27,511,39,0,129,1585,44,287,5,673,51,504,62,100,9,122,152,888,74,26,90,91,121,0,0,0,0,4,1,6,1,17,0,3,0,1,0,5,0,0,0,0,1,1,0,1,0,6,0,1,0,0,0,0,0,0,0,0,0,0,0,1,3,15,2,9,8,0,0,11,12,19,1
1,3,1,0,0,0,0,1,0,0,0,0,0,2,0,2,0,0,0,0,0,0,0,0,0,0,0,0,0,0,0,0,0,0,0,0,0,0,1,0,2,8,1,31,0,0,0,1,0,0,0,17,0,0,0,0,0,0,0,1,0,0,0,0,0,0,0,0,0,0,1,6,0,1,0,7,2,0,3,11,0,0,0,0,0,0,0,0,0,0,0,0,0,0,13,100,14,53,14,1140,129,0,22,1596,14,19,42,44,43,101,5,18,83,197,929,255,38,64,14,64,0,0,0,0,1,0,2,7,0,7,1,0,0,0,0,0,0,0,0,0,0,0,0,0,1,2,0,0,1,0,0,0,0,0,0,0,0,0,0,3,0,2,1,3,0,1,0,8,0,1
3,1,0,1,0,1,1,0,0,0,0,0,0,1,0,0,0,0,0,1,0,0,0,0,0,0,0,0,0,0,0,0,2,0,0,0,0,1,0,0,24,11,33,2,0,0,8,0,0,0,19,2,1,0,3,0,2,0,2,0,1,0,0,1,0,0,0,1,0,0,0,1,0,0,0,6,6,3,8,20,0,0,0,0,0,1,0,0,1,0,0,0,0,0,2161,44,453,23,110,29,1585,22,0,45,344,9,525,52,464,25,78,13,10,8,39,301,87,114,53,13,0,0,0,0,1,0,3,3,3,0,3,1,0,0,0,0,0,0,0,3,0,0,0,0,3,0,0,1,0,0,0,0,0,0,0,0,0,0,5,4,7,5,6,7,1,1,9,10,2,2
1,5,0,5,0,1,1,2,0,0,0,0,1,2,0,6,0,0,1,0,0,0,0,0,0,0,0,0,0,0,0,0,1,1,0,0,0,1,0,0,13,5,12,10,0,0,0,0,0,1,0,61,0,0,3,3,0,0,0,44,1,2,0,2,1,0,0,1,0,1,2,5,2,4,2,17,13,8,14,18,0,0,0,0,0,0,0,0,0,0,0,0,0,0,17,6627,23,719,10,305,44,1596,45,0,17,78,107,343,54,390,9,285,96,24,208,930,439,319,92,94,0,0,0,0,0,4,6,28,0,12,1,3,0,0,0,0,0,0,1,1,0,0,0,0,0,3,0,1,0,1,0,0,0,0,0,0,0,0,1,6,3,3,14,5,2,4,0,25,0,1
0,1,0,2,0,0,0,2,0,0,0,0,1,0,0,0,0,0,0,0,0,0,0,0,0,0,0,0,0,0,0,0,1,0,0,0,0,0,0,0,16,10,23,2,0,0,0,0,0,0,0,0,0,1,4,0,0,0,0,0,0,0,0,0,0,0,0,0,0,0,2,0,0,2,2,2,7,7,0,17,0,0,0,0,0,0,0,0,1,0,0,0,0,0,766,28,3358,17,29,13,287,14,344,17,0,6,3812,21,210,14,91,8,1,1,15,11,41,51,6,3,0,0,0,0,0,2,0,1,0,1,0,0,0,0,0,0,0,0,0,0,1,0,0,0,1,0,0,0,0,0,0,0,0,0,0,0,0,0,1,1,4,2,3,4,0,0,0,2,0,1
1,5,0,0,0,0,0,0,0,0,0,0,0,0,0,2,0,0,0,0,0,0,0,0,0,0,0,0,0,0,0,0,0,1,0,0,0,0,0,0,3,0,2,5,0,0,0,0,0,0,0,0,0,0,1,0,0,0,0,1,1,1,0,0,0,0,0,2,0,1,0,0,0,0,0,2,4,2,2,8,0,0,0,0,1,0,0,0,0,0,0,0,0,0,1,390,11,2185,1,13,5,19,9,78,6,0,26,3054,3,109,2,25,14,6,28,48,52,270,9,14,0,0,0,0,0,1,0,5,0,1,0,0,0,0,0,0,0,0,0,0,0,0,0,0,0,0,0,0,0,0,0,0,0,0,0,0,0,0,1,1,2,0,1,6,0,1,0,3,0,2
5,3,0,1,0,2,1,1,0,0,0,0,2,1,1,1,0,0,0,1,0,1,0,0,0,0,0,0,0,0,0,0,0,0,0,0,0,0,1,0,37,6,72,8,0,0,1,0,0,0,0,0,1,0,3,0,0,0,0,0,4,0,0,0,0,0,0,0,1,0,2,2,0,2,5,9,12,12,18,23,0,0,0,0,1,1,0,0,1,0,0,0,1,0,1152,98,1717,78,176,55,673,42,525,107,3812,26,0,144,4010,306,808,16,54,25,122,89,158,1101,381,50,0,0,0,0,2,3,4,3,3,2,5,0,0,0,1,1,0,0,0,2,1,0,0,0,2,1,0,0,0,1,0,0,0,0,0,0,0,0,2,4,12,3,7,17,3,1,6,13,2,2
1,13,0,6,0,3,0,0,0,1,0,0,1,4,0,11,0,0,0,0,0,0,0,0,0,0,0,0,0,0,0,0,0,1,0,0,0,1,1,0,10,8,11,27,0,0,0,0,0,0,0,1,0,1,0,1,0,0,0,0,2,3,1,2,0,1,0,4,0,3,0,6,0,3,1,28,4,22,3,25,0,0,0,0,0,0,0,0,0,0,0,0,0,0,16,1428,45,3045,2,65,51,44,52,343,21,3054,144,0,67,4772,9,335,46,17,76,66,125,660,41,38,0,0,0,0,0,0,4,20,1,12,0,1,0,0,1,0,0,1,0,1,0,0,0,0,0,0,0,1,1,0,0,0,0,0,0,0,0,0,1,3,1,5,5,12,0,0,1,26,1,1
2,0,2,0,1,0,1,0,1,0,0,0,1,1,1,1,0,0,0,0,0,0,0,0,0,0,0,0,0,0,0,0,1,0,0,0,0,0,0,0,19,2,24,1,0,0,4,0,0,0,0,0,2,0,9,1,0,0,0,0,1,0,1,0,0,0,1,0,1,0,1,1,3,0,3,4,21,3,35,6,0,0,2,0,2,0,0,0,0,0,0,0,0,0,275,49,216,24,176,25,504,43,464,54,210,3,4010,67,0,1775,476,14,67,41,164,82,46,276,796,204,0,0,0,0,3,0,11,3,21,1,12,0,0,0,6,1,2,0,0,1,1,0,0,0,3,1,0,1,1,0,0,0,0,0,0,0,0,0,14,13,25,1,10,4,8,1,12,15,14,12
2,9,2,2,1,1,0,1,0,2,0,0,1,0,0,4,0,0,0,1,0,0,0,0,0,0,0,0,0,0,0,0,0,0,0,0,2,0,0,0,9,3,6,6,0,0,0,1,0,0,0,0,0,0,2,0,0,0,0,1,1,4,0,1,0,0,0,1,0,0,0,0,3,2,1,9,8,14,9,21,0,0,0,0,1,1,0,0,1,0,0,0,0,0,6,422,22,279,6,105,62,101,25,390,14,109,306,4772,1775,0,2,498,42,16,114,69,50,278,467,81,0,0,0,0,0,6,5,17,1,17,0,4,0,0,1,2,0,0,1,0,0,4,0,1,0,2,0,0,0,0,0,0,0,0,0,0,0,0,6,17,3,7,8,8,3,2,1,74,2,11
0,0,0,1,0,0,0,0,0,0,0,0,0,0,0,0,0,0,0,0,0,0,0,0,0,0,0,0,0,0,0,0,0,0,0,0,0,0,0,0,5,3,6,0,0,0,0,0,0,0,0,0,0,1,0,0,0,0,0,0,0,0,0,0,0,0,0,0,0,0,0,0,0,0,0,2,1,2,1,8,0,0,0,0,0,0,0,0,0,0,0,0,0,0,40,10,67,7,2,8,100,5,78,9,91,2,808,9,476,2,0,3,0,1,5,2,4,3,1,0,0,0,0,0,0,0,0,0,0,0,0,0,0,0,0,0,0,0,0,1,0,0,0,0,0,0,0,0,0,0,0,0,0,0,0,0,0,0,1,1,0,0,1,3,0,0,1,5,0,0
0,4,0,0,0,0,0,0,0,0,0,0,0,0,0,0,0,0,0,0,0,0,0,0,0,0,0,0,0,0,0,0,0,0,0,0,0,1,0,0,5,2,3,4,0,0,0,0,0,0,0,0,0,1,0,0,0,1,0,0,1,0,0,0,0,0,0,0,0,1,0,0,0,1,0,3,1,2,2,9,0,0,0,0,0,0,0,0,0,0,0,0,0,0,6,176,7,95,3,18,9,18,13,285,8,25,16,335,14,498,3,0,2,0,7,6,4,9,1,1,0,0,0,0,0,0,1,2,3,4,1,0,0,0,1,0,0,0,0,0,0,0,0,0,0,0,0,0,0,0,0,0,0,0,0,0,0,0,3,0,1,3,2,2,1,0,0,13,0,2
2,3,1,1,0,0,1,1,0,1,0,0,0,0,1,5,0,0,1,0,0,0,0,0,0,0,0,0,0,0,0,0,0,0,0,0,0,1,2,0,11,11,0,0,0,0,0,0,0,0,0,1,0,0,0,0,0,0,0,0,3,0,0,0,0,0,0,0,0,2,0,0,0,1,8,13,13,3,22,31,0,0,0,0,0,0,0,0,1,0,0,0,0,0,4,21,9,24,255,134,122,83,10,96,1,14,54,46,67,42,0,2,0,425,118,43,35,87,102,226,0,0,0,1,7,29,22,91,18,61,23,31,1,4,17,30,2,4,1,3,0,4,1,17,6,16,10,12,1,3,0,0,0,0,0,0,4,2,23,23,0,1,21,15,41,61,24,46,76,62
0,4,0,1,2,0,1,1,1,1,0,0,0,0,1,2,0,0,0,1,0,0,0,0,0,0,0,0,0,0,0,0,2,1,0,0,0,1,1,0,2,5,0,0,0,0,0,0,0,0,11,61,0,0,0,0,0,0,0,0,1,0,0,0,0,0,0,0,0,0,0,1,2,0,1,9,8,6,14,19,0,0,0,1,1,0,0,0,1,0,0,0,0,0,8,6,5,16,305,257,152,197,8,24,1,6,25,17,41,16,1,0,425,0,438,25,16,46,32,137,0,0,0,2,4,9,6,37,32,47,17,18,0,0,12,53,2,3,1,1,2,5,9,38,34,42,8,12,5,3,0,0,0,0,2,1,2,0,2,8,1,2,5,6,1,16,2,3,115,2
0,0,0,0,0,0,0,0,0,0,0,0,0,0,0,1,0,0,0,0,0,0,0,0,0,0,0,0,0,0,0,0,0,1,0,0,0,0,0,2,4,1,1,2,0,0,0,0,0,0,0,10,0,0,1,0,0,0,0,0,1,0,0,0,0,0,0,0,0,0,0,25,0,0,1,1,0,0,2,2,0,0,0,0,0,0,0,0,0,0,0,0,0,0,18,52,17,36,108,231,888,929,39,208,15,28,122,76,164,114,5,7,118,438,0,176,65,167,151,127,0,0,0,0,0,1,1,1,1,2,0,1,0,0,1,0,0,0,0,1,0,0,0,0,0,0,0,0,0,0,0,0,0,0,0,1,0,0,0,2,0,0,2,2,0,1,0,5,0,0
0,0,0,1,0,0,0,0,0,0,0,0,0,0,0,1,0,0,0,0,0,0,0,0,0,0,0,0,0,0,0,0,0,0,0,0,0,0,0,0,0,2,1,0,0,0,13,0,1,0,8,5,0,0,0,0,0,0,0,0,0,1,0,0,0,0,0,0,0,0,0,0,0,0,0,2,0,0,3,2,0,0,0,0,0,0,0,0,0,0,0,0,0,0,16,91,27,70,12,20,74,255,301,930,11,48,89,66,82,69,2,6,43,25,176,0,158,282,45,32,0,0,0,0,0,1,1,2,0,2,0,0,0,0,0,0,0,0,0,0,0,0,0,0,0,1,0,0,0,0,0,0,0,0,0,0,0,0,0,1,0,0,4,1,1,1,1,3,0,0
0,2,0,0,0,0,0,1,0,0,0,0,0,0,1,1,0,0,0,0,0,0,0,0,0,0,0,0,0,0,0,0,0,0,0,0,1,0,0,0,4,0,3,0,0,0,0,0,0,0,0,3,0,0,0,0,0,0,0,0,0,0,1,0,0,0,0,1,0,0,0,0,0,0,0,0,0,2,1,2,0,0,0,0,0,0,0,0,0,0,0,0,0,0,68,425,170,599,7,9,26,38,87,439,41,52,158,125,46,50,4,4,35,16,65,158,0,543,98,19,0,0,0,0,0,1,0,2,0,0,0,0,0,0,0,0,0,0,0,0,0,0,0,0,0,1,0,0,0,0,0,0,0,0,0,0,0,0,0,0,0,0,0,0,0,0,0,2,0,0
0,0,0,0,0,0,0,0,0,0,0,0,0,1,0,0,0,0,0,0,0,0,0,0,0,0,0,0,0,0,0,0,0,0,0,0,0,0,0,0,4,0,4,0,0,0,0,0,0,0,0,1,0,0,0,0,0,0,0,0,0,1,0,0,0,0,0,1,0,0,1,0,0,0,0,0,1,2,1,1,0,0,0,0,0,0,0,0,0,0,0,0,0,0,34,139,67,241,56,13,90,64,114,319,51,270,1101,660,276,278,3,9,87,46,167,282,543,0,681,63,0,0,0,0,0,0,0,1,1,0,1,0,0,0,0,0,0,0,0,0,0,0,0,0,0,0,0,0,0,0,0,0,0,0,0,0,0,0,0,2,1,0,1,1,0,1,0,4,0,1
0,0,0,0,0,0,0,0,0,0,0,0,0,0,0,0,0,0,0,0,0,0,0,0,0,0,0,0,0,0,0,0,0,0,0,0,0,0,0,0,1,0,0,0,0,0,0,0,0,0,0,0,0,0,0,0,0,0,0,0,0,0,0,0,0,0,0,0,0,0,0,1,0,0,0,0,0,0,0,0,0,0,0,0,0,0,0,0,0,0,0,0,0,0,30,18,19,22,30,5,91,14,53,92,6,9,381,41,796,467,1,1,102,32,151,45,98,681,0,126,0,0,0,0,0,0,0,0,0,0,0,0,0,0,0,0,0,0,0,0,0,0,0,0,0,0,0,0,0,0,0,0,0,0,0,0,0,0,0,1,0,1,0,0,0,0,0,1,0,0
1,0,0,0,0,0,0,0,2,0,0,0,0,0,2,1,0,0,0,0,0,0,0,0,0,0,0,0,0,0,0,0,1,1,0,0,0,2,0,1,1,1,0,0,0,0,0,0,0,0,0,0,1,0,0,0,0,0,0,0,1,0,0,0,1,0,0,0,0,0,0,0,0,0,1,2,12,1,13,6,0,0,0,0,0,0,0,0,0,0,0,0,0,0,5,27,2,20,177,19,121,64,13,94,3,14,50,38,204,81,0,1,226,137,127,32,19,63,126,0,0,0,0,0,3,4,6,6,6,7,9,3,1,0,8,0,0,0,0,0,2,2,0,0,1,1,0,1,0,0,0,0,0,0,0,0,1,0,15,21,5,0,2,4,8,5,2,23,6,26
0,0,1,0,0,0,0,0,1,0,0,0,0,0,0,0,0,0,0,0,0,0,0,0,0,0,0,0,1,0,0,0,0,0,0,0,2,0,1,0,4,0,0,0,2,0,1,0,0,0,0,0,2,0,5,0,0,0,0,0,0,0,1,0,0,0,0,0,0,0,1,0,0,0,22,0,6,0,6,0,0,0,0,0,1,0,1,0,0,0,0,0,0,0,0,0,0,0,0,0,0,0,0,0,0,0,0,0,0,0,0,0,0,0,0,0,0,0,0,0,0,1,5,0,1,0,0,0,1,0,0,0,0,0,6,0,0,0,0,0,0,0,0,0,6,0,0,0,0,0,0,0,0,0,0,0,2,1,0,0,0,0,4,0,0,0,0,0,0,0
0,0,0,2,0,0,0,0,0,0,0,0,0,0,0,0,0,0,0,0,0,1,0,0,0,0,0,0,0,0,0,0,0,0,0,0,0,1,2,0,0,4,0,0,0,0,0,0,0,0,0,0,0,0,0,1,0,0,0,0,0,0,0,0,0,0,0,0,0,0,0,0,0,0,0,11,0,1,0,3,0,0,0,0,0,0,0,0,0,0,0,0,0,0,0,0,0,0,0,0,0,0,0,0,0,0,0,0,0,0,0,0,0,0,0,0,0,0,0,0,1,0,0,34,0,5,0,1,0,0,0,0,0,0,0,56,0,0,0,0,0,0,0,0,0,16,0,3,0,0,0,0,0,0,0,0,6,18,0,0,0,0,0,1,0,0,0,0,0,0
13,0,13,0,5,2,5,0,7,0,0,0,1,0,11,2,0,0,1,0,0,0,0,0,0,0,0,0,0,0,0,0,1,0,0,0,1,4,0,1,5,0,0,0,0,0,1,0,0,0,1,0,3,0,5,0,1,0,0,0,8,0,2,0,0,0,0,0,1,0,3,0,5,0,38,0,17,1,2,0,0,0,1,0,5,0,1,0,0,1,0,0,1,0,0,0,0,0,0,0,0,0,0,0,0,0,0,0,0,0,0,0,0,0,0,0,0,0,0,0,5,0,0,0,0,0,5,0,4,0,1,0,0,0,2,0,0,0,0,0,0,0,0,0,6,0,1,0,0,0,0,0,0,0,2,0,0,0,0,0,0,0,2,0,0,0,0,0,0,0
0,1,0,0,0,2,0,0,0,0,0,0,0,1,0,0,0,0,0,3,0,0,0,0,0,0,0,0,0,0,0,0,0,0,0,0,0,0,0,0,0,6,0,0,0,0,0,0,0,0,0,0,0,0,0,0,0,0,0,0,0,0,0,1,0,0,0,0,0,0,0,0,0,0,0,15,0,2,0,2,0,0,0,0,0,1,0,0,1,0,0,0,0,0,0,0,0,0,0,0,0,0,0,0,0,0,0,0,0,0,0,0,1,2,0,0,0,0,0,0,0,34,0,0,0,4,0,3,0,1,0,0,0,0,0,3,0,0,0,1,0,0,0,0,0,13,0,24,0,0,0,0,0,0,0,0,0,1,0,0,0,0,0,0,0,0,0,0,0,0
1,0,31,0,18,0,6,0,18,0,7,0,1,0,2,0,0,0,4,0,0,0,1,0,0,0,1,0,1,0,1,0,10,0,0,0,1,2,2,0,45,0,1,0,38,0,5,0,0,0,6,0,5,0,15,0,0,0,0,0,3,0,1,0,2,0,0,0,1,0,4,2,0,0,175,0,182,1,212,0,0,0,0,0,6,0,1,0,4,0,0,0,0,0,0,1,0,0,20,1,4,1,1,0,0,0,2,0,3,0,0,0,7,4,0,0,0,0,0,3,1,0,0,0,0,0,6,2,4,0,3,0,0,1,7,1,1,0,7,0,0,0,5,0,15,0,0,0,1,0,1,0,2,0,5,0,27,0,4,3,4,0,20,0,4,0,7,1,31,7
0,2,0,18,1,21,0,7,0,17,0,0,0,0,1,13,0,0,2,7,0,0,0,0,0,0,0,0,0,0,0,0,0,7,0,0,0,4,1,0,1,64,0,0,0,16,0,1,0,0,0,3,0,1,2,3,0,1,0,1,0,8,0,0,1,3,0,2,0,5,0,5,0,3,0,418,0,172,0,234,0,0,0,1,1,2,0,0,1,1,0,0,0,0,1,3,0,1,5,17,1,0,0,4,2,1,3,0,0,6,0,0,29,9,1,1,1,0,0,4,0,5,0,4,0,0,1,30,0,29,0,6,0,1,0,24,0,1,0,8,1,8,0,7,1,34,0,1,1,3,0,0,0,4,1,7,0,52,1,7,0,4,0,32,0,5,2,27,29,2
222,1,103,4,69,1,57,0,47,0,0,0,19,1,74,20,0,0,4,0,0,0,0,0,0,0,0,0,0,0,0,0,26,0,0,0,16,28,3,2,37,1,6,1,1,0,5,0,0,0,1,0,5,0,36,0,0,0,2,0,116,0,16,1,10,0,10,0,9,1,21,7,46,0,317,3,303,4,101,2,0,0,13,0,22,0,7,0,12,1,0,0,4,0,2,2,0,0,44,9,6,2,3,6,0,0,4,4,11,5,0,1,22,6,1,1,0,0,0,6,0,0,5,0,6,1,0,2,68,1,31,0,1,0,29,1,6,0,1,1,4,0,6,0,34,1,6,0,7,0,0,0,1,0,6,2,3,0,14,2,16,0,73,3,11,0,15,9,48,24
10,219,3,151,2,125,0,94,0,54,0,2,1,28,7,164,0,0,5,41,0,1,0,0,0,0,0,2,0,0,0,0,4,24,0,0,0,27,1,0,3,107,1,18,1,1,0,1,0,0,0,7,2,2,0,7,0,0,0,0,4,39,3,7,0,12,2,16,0,8,7,24,3,32,9,790,3,220,2,94,0,0,0,2,2,12,0,2,0,16,0,0,1,0,1,28,5,17,5,90,1,7,3,28,1,5,3,20,3,17,0,2,91,37,1,2,2,1,0,6,0,1,0,3,2,30,2,0,1,120,2,30,0,2,0,18,0,0,0,15,0,20,0,16,0,73,0,5,0,16,1,0,0,4,0,4,0,3,2,30,1,21,3,23,0,5,5,73,85,17
150,2,47,0,36,0,32,1,28,0,2,0,55,0,28,8,0,0,0,0,0,0,0,0,0,0,0,0,0,0,0,0,65,1,0,0,31,29,25,3,84,0,18,0,1,0,7,1,2,0,3,0,27,2,62,3,3,0,2,0,155,6,84,4,53,3,31,4,42,2,60,22,51,3,163,3,165,2,40,1,0,0,23,0,64,3,5,0,20,0,0,0,4,0,1,3,0,0,130,2,17,0,3,0,0,0,3,1,21,1,0,3,18,32,1,0,0,1,0,6,1,0,4,0,4,0,68,1,0,3,14,0,4,0,34,0,0,0,10,0,22,0,33,0,55,1,7,0,8,0,0,0,0,0,0,1,1,0,11,7,11,1,34,1,4,2,15,11,60,18
7,192,0,78,4,56,0,21,0,17,0,0,1,24,0,133,0,0,0,14,0,0,0,0,0,0,0,0,0,0,0,0,0,22,0,0,1,45,4,1,2,60,0,26,0,2,2,1,0,4,1,29,2,5,2,11,0,1,0,0,4,113,5,22,0,23,6,36,1,16,8,48,7,71,9,490,3,164,2,75,0,0,0,6,1,24,0,0,2,16,0,0,0,1,0,16,2,6,3,211,0,7,0,12,1,1,2,12,1,17,0,4,61,47,2,2,0,0,0,7,0,0,0,1,0,29,1,120,3,0,0,12,0,3,0,13,0,2,0,26,1,96,0,26,1,51,0,5,0,11,0,0,0,0,0,3,0,2,0,25,1,48,2,21,1,9,2,91,98,19
67,1,25,0,19,0,17,0,18,0,1,0,12,0,7,5,0,0,4,0,0,0,0,0,0,0,0,0,0,0,0,0,16,0,0,0,7,3,6,1,10,0,3,1,1,0,1,0,0,0,1,0,2,0,7,0,1,0,0,0,59,4,8,0,7,0,6,1,2,0,12,3,18,3,79,1,99,0,60,0,0,0,2,0,14,0,1,0,2,1,0,0,1,0,1,0,0,0,63,0,3,1,3,1,0,0,5,0,12,0,0,1,23,17,0,0,0,1,0,9,0,0,1,0,3,0,31,2,14,0,0,0,2,0,11,0,3,0,0,0,4,0,2,0,21,0,3,0,1,2,0,0,0,0,1,0,4,0,7,7,3,0,16,0,7,0,27,5,72,18
0,32,1,15,1,17,0,15,0,9,0,0,0,3,1,34,0,0,0,5,0,0,0,0,0,0,0,0,0,0,0,0,0,5,0,0,0,5,0,0,0,13,0,1,0,0,0,0,0,0,0,2,0,3,0,0,0,1,0,0,2,6,0,0,0,2,0,2,0,2,0,1,0,5,2,129,0,43,1,30,0,0,0,0,0,0,0,0,0,1,0,0,0,0,0,3,0,2,0,40,0,0,1,3,0,0,0,1,0,4,0,0,31,18,1,0,0,0,0,3,0,0,0,0,0,6,0,30,0,12,0,0,0,0,0,9,0,0,0,4,0,9,0,11,0,7,0,1,0,3,0,0,0,0,0,1,0,0,1,7,0,0,0,4,1,3,0,24,38,2
1,0,2,1,1,0,2,0,0,0,2,0,0,0,0,0,0,0,1,0,0,0,0,0,0,0,0,0,0,0,0,0,0,0,0,0,0,0,0,0,17,0,0,0,7,0,0,0,0,0,2,0,1,0,0,0,0,0,0,0,2,0,0,0,0,0,0,0,0,0,1,0,0,0,28,0,16,0,30,0,0,0,0,0,1,0,0,0,0,0,0,0,0,0,0,0,0,0,4,0,1,0,0,0,0,0,0,0,0,0,0,0,1,0,0,0,0,0,0,1,0,0,0,0,0,0,1,0,4,0,2,0,0,0,3,0,0,0,2,0,0,0,0,0,5,0,0,0,1,0,0,0,0,0,0,0,10,0,0,0,0,0,37,0,16,0,2,0,6,0
0,1,0,0,0,1,0,0,0,0,0,0,0,0,0,0,0,0,0,0,0,0,0,0,0,0,0,0,0,0,0,0,0,0,0,0,0,0,0,0,0,6,0,0,0,0,0,0,0,0,0,0,0,0,0,0,0,0,0,0,0,0,0,0,0,0,0,0,0,0,0,0,0,0,0,4,0,4,0,5,0,0,0,0,0,0,0,0,0,0,0,0,0,0,0,0,0,0,0,4,0,0,0,0,0,0,0,0,0,0,0,0,4,0,0,0,0,0,0,0,0,0,0,0,1,1,0,2,0,3,0,0,0,0,0,20,0,11,0,0,0,1,0,0,0,1,0,1,0,0,0,0,0,0,0,0,0,0,2,0,0,0,0,19,0,14,0,1,0,1
153,4,99,5,82,2,53,0,63,1,4,0,15,0,54,14,0,1,13,2,1,0,1,0,0,0,0,0,2,0,0,0,34,0,0,0,12,13,4,0,57,0,7,0,23,0,7,0,1,0,20,0,3,0,25,1,0,0,0,0,93,1,10,1,6,0,8,0,3,2,12,4,50,5,426,2,231,1,175,0,0,0,2,0,10,0,5,0,8,0,5,0,1,0,0,0,1,0,47,0,5,0,0,0,0,0,1,1,6,1,0,1,17,12,1,0,0,0,0,8,6,0,2,0,7,0,29,0,34,0,11,0,3,0,0,0,2,0,8,0,3,0,9,0,43,0,5,0,0,0,0,0,3,0,9,5,23,0,4,0,4,0,38,0,20,0,15,0,72,10
2,17,6,10,4,18,2,2,2,11,0,0,0,3,4,15,0,0,3,8,0,0,0,0,0,0,0,1,0,0,0,0,1,6,0,0,0,9,1,0,8,45,0,0,2,1,0,1,0,1,0,4,0,0,0,1,0,0,0,0,0,2,1,0,0,1,0,2,0,2,0,3,0,0,30,273,14,60,12,137,0,0,0,1,0,2,0,1,1,6,0,0,0,1,0,1,0,0,1,10,0,0,0,0,0,0,1,0,1,2,0,0,30,53,0,0,0,0,0,0,0,56,0,3,1,24,1,18,0,13,0,9,0,20,0,0,0,2,0,9,0,20,0,7,2,20,0,3,0,3,0,0,0,1,1,2,4,7,0,0,0,0,2,20,0,11,0,2,76,0
10,1,7,0,7,0,7,0,9,0,1,0,1,0,3,2,0,0,1,1,0,0,0,0,0,0,0,0,0,0,1,0,6,0,0,0,0,0,0,1,15,0,1,0,0,0,4,0,0,0,2,0,1,0,5,0,1,0,0,0,5,0,2,0,0,0,0,0,0,0,1,2,4,0,31,0,24,0,14,0,0,0,1,0,0,0,0,0,2,0,0,0,0,0,0,0,0,0,8,0,0,0,0,0,0,0,0,0,2,0,0,0,2,2,0,0,0,0,0,0,0,0,0,0,1,0,6,0,0,0,3,0,0,0,2,0,0,0,1,0,0,0,1,0,2,0,0,0,1,0,0,0,0,0,2,1,1,0,5,0,0,0,2,0,4,0,3,1,9,4
0,2,0,4,0,1,0,4,0,1,0,0,0,3,0,3,0,0,0,1,0,0,0,0,0,0,0,0,0,0,0,0,0,4,0,0,0,0,0,0,0,8,0,0,0,1,1,0,0,0,0,0,0,0,0,1,0,0,0,0,0,0,0,0,0,0,0,0,0,0,0,1,0,0,0,45,1,9,0,15,0,0,0,0,0,0,0,0,0,0,0,0,0,0,0,0,0,0,0,4,0,0,0,0,0,0,0,1,0,0,0,0,4,3,0,0,0,0,0,0,0,0,0,0,0,1,0,0,0,2,0,0,0,11,0,2,0,0,0,6,0,2,0,3,0,1,0,0,0,0,0,1,0,0,0,0,0,0,0,3,0,0,0,3,0,1,0,0,2,0
1,0,1,0,0,0,1,0,1,0,0,0,0,0,1,0,0,0,0,0,0,0,0,0,0,0,0,0,0,0,0,0,5,0,0,0,1,2,1,1,256,0,4,0,10,0,12,0,2,0,14,0,7,0,30,0,4,0,2,0,2,0,0,0,1,0,1,0,1,0,4,0,1,0,4,0,32,0,7,0,0,0,0,0,6,0,1,0,12,0,1,0,6,0,0,1,0,1,4,1,0,0,0,1,0,0,0,0,0,1,0,0,1,1,0,0,0,0,0,0,0,0,0,0,7,0,1,0,10,0,0,0,2,0,8,0,1,0,0,0,3,0,17,0,44,0,0,0,1,0,0,0,0,0,1,0,0,0,0,0,0,0,10,0,0,0,1,0,2,1
0,4,0,1,0,1,0,3,0,0,0,1,0,0,0,2,0,1,0,0,0,0,0,1,0,0,0,0,0,0,0,0,1,21,0,0,0,0,2,1,3,340,0,3,0,12,2,15,0,3,0,15,7,19,1,74,0,17,0,9,0,4,1,0,0,3,0,0,0,4,5,25,0,1,0,5,1,117,0,25,0,0,0,2,0,39,0,5,2,29,0,2,0,2,1,0,0,1,0,0,1,0,3,1,0,0,2,1,1,0,1,0,3,1,1,0,0,0,0,0,0,0,0,1,0,8,1,15,0,26,0,4,0,0,0,9,0,6,0,0,0,11,0,32,0,104,0,3,0,7,0,0,0,0,0,0,0,0,0,1,0,0,0,5,0,2,0,3,6,0
6,0,2,0,1,0,3,0,3,0,0,0,8,0,3,0,0,0,0,0,0,0,0,0,0,0,0,0,0,0,0,0,10,1,0,0,0,1,3,1,30,0,4,0,2,0,7,0,0,0,3,0,6,1,29,0,2,0,0,0,2,0,9,0,7,0,1,0,2,0,2,4,1,0,10,1,34,0,4,0,0,0,1,0,11,0,2,0,3,0,0,0,0,0,0,0,0,0,18,0,1,0,0,0,1,0,1,0,1,0,0,0,0,2,0,0,0,0,0,2,0,0,0,0,0,1,4,0,22,1,4,0,0,0,3,0,0,0,3,0,0,0,13,0,5,0,0,0,2,0,0,0,0,0,0,0,0,0,1,1,2,0,1,0,2,0,1,0,5,1
0,1,0,4,0,2,0,1,0,0,0,0,0,1,0,1,0,0,0,0,0,0,0,0,0,0,0,0,0,0,0,0,0,3,0,0,0,2,0,0,0,20,0,3,0,1,3,0,0,3,0,8,3,2,0,15,0,1,0,0,1,0,1,2,1,2,0,7,0,6,2,6,0,0,0,14,1,68,0,10,0,0,0,2,0,11,0,0,0,6,0,0,0,1,0,0,0,0,0,24,0,0,0,0,0,0,0,0,0,4,0,0,4,5,0,0,0,0,0,2,0,0,0,0,0,8,0,20,0,96,0,9,0,1,0,20,0,2,0,11,0,0,0,13,1,19,0,1,0,6,0,0,0,0,0,0,0,0,0,3,0,6,0,8,0,7,1,8,20,1
4,0,2,1,3,0,2,0,2,0,0,0,4,0,1,2,0,0,0,0,0,0,0,0,0,0,0,0,0,0,0,0,12,0,0,0,1,3,1,3,41,0,2,0,1,0,11,0,3,0,3,0,11,1,49,0,2,0,0,0,3,0,6,0,6,0,3,0,6,0,3,1,1,1,20,0,28,1,10,0,0,0,6,0,19,0,1,0,19,1,0,0,0,0,0,0,0,0,17,0,1,0,0,0,0,0,0,0,0,0,0,0,1,9,0,0,0,0,0,0,0,0,0,0,5,0,6,0,33,0,2,0,0,0,9,0,1,0,17,0,13,0,0,0,22,0,0,0,0,0,0,0,0,0,1,0,0,0,1,0,0,0,0,0,0,0,1,1,4,0
2,17,0,8,0,3,0,2,0,2,0,0,0,5,0,11,0,0,0,2,0,0,0,0,0,0,0,0,0,0,0,0,0,20,0,0,1,1,6,0,0,77,0,0,0,3,0,5,1,2,0,9,0,9,1,21,0,4,0,1,0,10,0,5,1,3,0,10,0,8,1,14,0,7,2,40,1,57,0,12,0,0,0,2,0,25,1,1,0,9,0,0,0,0,0,0,0,0,0,43,0,0,0,0,0,0,0,0,0,1,0,0,17,38,0,0,0,0,0,0,0,0,0,0,0,7,0,16,0,26,0,11,0,0,0,7,0,3,0,32,0,13,0,0,1,29,0,4,0,6,0,0,0,0,0,0,0,0,0,5,0,2,0,3,0,3,0,4,40,2
170,1,131,2,99,1,54,3,89,1,11,0,27,3,68,23,0,0,13,3,0,0,2,0,0,0,0,0,0,0,0,0,84,0,0,0,27,35,35,7,422,1,10,0,13,0,70,1,10,4,33,0,58,5,179,4,6,1,8,0,118,1,41,1,30,1,21,4,33,3,51,18,52,4,465,5,251,3,83,1,0,0,32,1,73,5,5,0,48,7,4,0,4,0,0,0,0,0,55,0,6,1,3,0,1,0,2,0,3,0,0,0,6,34,0,0,0,0,0,1,6,0,6,0,15,1,34,0,55,1,21,0,5,0,43,2,2,0,44,0,5,1,22,1,0,0,6,0,7,0,0,0,2,0,19,3,9,0,1,1,4,0,25,0,3,0,7,0,46,7
1,105,2,48,1,53,0,40,0,22,0,0,1,12,1,66,0,0,1,18,0,0,0,0,0,0,0,0,0,0,0,0,1,34,0,0,2,16,5,9,2,485,0,4,0,8,2,12,1,5,0,21,0,9,3,48,0,5,0,6,1,35,0,5,2,7,0,14,0,6,4,39,2,20,11,654,2,176,1,99,0,0,0,4,2,28,0,5,0,26,0,0,0,4,0,5,0,3,2,23,0,2,0,3,0,0,1,0,1,2,0,0,16,42,0,1,1,0,0,1,0,16,0,13,0,34,1,73,1,51,0,7,0,1,0,20,0,1,0,104,0,19,0,29,0,0,0,8,0,16,0,1,1,2,1,5,0,6,0,4,0,3,1,14,0,4,0,6,35,2
25,0,15,0,9,0,7,0,3,0,0,0,5,0,12,3,0,0,1,0,0,0,0,0,0,0,0,0,0,0,0,0,6,0,0,0,8,4,2,0,4,0,1,0,0,0,0,0,0,0,0,0,2,0,6,0,0,0,0,0,19,0,10,0,4,0,2,0,6,0,6,3,6,1,22,0,19,0,5,0,0,0,4,0,10,0,2,0,3,1,0,0,2,0,0,0,0,0,14,0,1,0,0,0,0,0,0,0,0,0,0,0,10,8,0,0,0,0,0,0,0,0,1,0,0,0,6,0,7,0,3,0,0,0,5,0,0,0,0,0,0,0,0,0,6,0,0,0,2,0,0,0,0,0,2,0,0,0,0,0,1,0,3,0,1,0,2,0,19,5
0,33,0,14,0,6,0,6,0,5,0,0,0,0,0,13,0,0,0,2,0,0,0,0,0,0,0,0,0,0,0,0,0,4,0,0,0,5,0,0,0,12,0,0,0,0,0,1,0,0,0,2,0,1,0,4,0,0,0,0,1,8,0,1,0,0,0,5,0,3,2,3,3,6,1,61,0,20,0,10,0,0,0,0,0,2,0,0,0,3,0,0,0,0,0,0,0,0,0,18,0,0,1,1,0,0,0,1,1,0,0,0,12,12,0,0,0,0,0,1,0,3,0,24,0,1,0,5,0,5,0,1,0,1,0,3,0,0,0,3,0,1,0,4,0,8,0,0,0,0,0,0,0,1,0,1,0,1,0,3,0,0,0,2,1,0,0,1,16,0
17,0,16,0,5,0,4,0,2,0,0,0,11,1,10,3,0,0,0,0,0,0,0,0,0,0,0,0,0,0,0,0,8,0,0,0,5,2,3,0,8,0,0,0,0,0,3,0,1,0,0,0,3,0,16,1,0,0,0,0,14,1,7,0,5,1,2,0,9,3,7,3,4,0,41,0,22,0,2,0,0,0,10,0,26,0,0,0,8,0,1,0,0,0,0,0,0,0,10,0,0,1,0,0,0,0,0,1,1,0,0,0,1,5,0,0,0,0,0,0,0,0,0,0,1,1,7,0,8,0,1,0,1,0,0,0,1,0,1,0,2,0,0,0,7,0,2,0,0,0,0,0,0,0,0,1,0,0,0,1,2,0,2,0,0,0,2,0,16,0
1,16,0,13,0,6,0,8,0,2,0,0,1,4,0,9,0,0,0,1,0,0,0,0,0,0,0,0,0,0,0,0,0,10,0,0,0,3,0,0,1,14,0,3,0,0,2,0,0,1,0,2,2,4,2,7,0,0,0,0,0,8,1,2,0,2,1,13,0,6,1,9,0,9,1,77,0,29,0,8,0,0,0,0,3,3,0,2,1,7,0,0,0,2,0,0,0,0,0,11,0,0,0,1,0,0,1,0,0,0,0,0,3,3,0,0,0,0,0,0,0,0,0,0,0,3,0,16,0,11,2,3,0,0,0,3,0,0,0,7,0,6,0,6,0,16,0,0,0,0,0,0,0,0,0,0,0,1,0,0,0,2,0,2,0,1,0,2,4,0
0,0,9,54,5,32,0,2,0,11,4,11,0,0,0,8,120,9,16,41,132,33,100,2,4,2,9,1,6,0,4,0,5,3,0,0,17,28,0,0,0,0,0,0,1,0,0,0,0,0,0,0,0,0,0,0,0,0,0,0,1,0,0,0,0,0,0,0,0,0,0,1,0,0,35,65,27,9,0,0,0,0,0,0,0,0,0,0,0,0,0,0,0,0,0,0,0,0,0,0,0,0,0,0,0,0,0,0,0,0,0,0,0,0,0,0,0,0,0,0,0,0,0,0,1,0,0,1,0,0,0,0,0,0,0,0,0,0,0,0,0,0,0,0,0,0,0,0,0,0,0,38,158,28,113,87,110,0,0,0,0,0,0,0,0,0,0,0,0,0
0,0,40,52,18,35,0,0,1,11,8,17,0,0,0,0,6,241,35,73,25,455,7,80,0,4,2,9,1,0,9,0,0,0,0,0,0,18,0,0,0,0,0,0,0,0,0,0,0,0,0,0,0,0,0,0,0,0,0,0,0,0,0,0,0,0,0,0,0,0,0,0,0,0,22,22,8,9,0,1,0,0,0,0,0,1,0,0,0,0,0,0,0,0,0,0,0,0,0,0,0,0,0,0,0,0,0,0,0,0,0,0,0,0,0,0,0,0,0,0,0,0,0,0,0,0,0,0,0,0,0,0,0,0,0,0,0,1,0,0,0,0,0,0,0,1,0,0,0,0,38,0,9,79,12,142,7,10,0,0,0,0,0,0,0,0,0,0,0,0
0,0,195,13,54,6,0,2,18,1,22,4,0,0,2,4,56,5,1099,26,547,5,44,0,2,0,15,0,2,0,15,0,24,4,0,0,63,12,10,0,0,0,0,1,3,0,1,0,0,0,0,0,0,0,0,0,0,0,0,0,0,0,0,0,0,0,0,0,0,0,1,2,0,0,71,9,48,2,5,0,0,0,0,0,0,0,1,0,0,0,0,0,0,0,0,0,0,0,0,0,0,0,0,0,0,0,0,0,0,0,0,0,0,0,0,0,0,0,0,0,0,0,0,0,2,0,1,0,0,0,0,0,0,0,3,0,0,0,0,0,0,0,0,0,2,1,0,0,0,0,158,9,0,19,507,57,47,1,0,0,0,0,0,0,1,0,0,0,0,0
2,0,77,258,38,45,2,2,4,29,5,14,1,0,7,5,14,19,75,845,26,569,7,25,0,0,2,1,0,0,8,0,3,12,0,0,2,310,3,11,0,0,0,0,0,0,0,0,1,0,0,12,0,0,0,0,0,0,0,0,3,2,1,0,0,0,0,2,0,0,0,16,1,0,19,125,7,48,0,2,0,0,0,0,0,0,0,0,0,0,0,0,0,0,0,0,0,0,0,0,0,0,0,0,0,0,0,0,0,0,0,0,0,0,0,0,0,0,0,0,0,0,0,0,0,4,0,4,0,0,0,0,0,0,0,1,0,0,0,0,0,0,0,0,0,2,0,1,0,0,28,79,19,0,34,916,5,4,0,0,0,1,0,0,0,0,0,0,0,0
16,1,358,38,151,43,8,2,61,8,11,0,0,1,256,32,1,7,947,37,34,6,3,0,1,0,1,0,0,0,1,0,78,1,0,0,546,56,76,0,4,0,0,0,0,0,7,0,3,0,0,0,0,0,0,0,1,0,0,0,6,0,0,0,1,0,1,0,1,0,24,0,4,0,160,24,123,10,1,0,0,0,0,0,1,1,1,1,2,1,0,0,0,0,0,0,0,0,2,0,0,0,0,0,0,0,0,0,0,0,0,0,0,2,0,0,0,0,0,0,0,0,2,0,5,1,6,0,0,0,1,0,0,0,9,1,2,0,1,0,0,0,1,0,19,1,2,0,0,0,113,12,507,34,0,209,4,1,0,0,0,0,0,0,0,1,0,0,0,1
4,3,222,262,102,181,2,4,21,63,21,13,0,5,72,14,14,62,264,276,46,75,12,7,0,0,1,2,0,0,13,0,18,23,0,0,16,1098,4,60,0,0,0,4,0,0,1,6,0,0,0,23,0,1,2,0,0,0,0,0,2,1,0,0,2,0,0,0,0,5,7,89,0,3,87,230,31,104,3,9,0,0,0,0,0,1,0,1,2,2,0,0,1,0,0,0,0,0,0,0,0,0,0,0,0,0,0,0,0,0,0,0,0,1,1,0,0,0,0,0,0,0,0,0,0,7,2,4,1,3,0,1,0,0,5,2,1,0,0,0,0,0,0,0,3,5,0,1,1,0,87,142,57,916,209,0,8,4,0,0,0,0,0,0,0,0,0,0,0,0
0,0,10,12,3,6,0,0,0,0,4,0,0,0,0,1,494,11,3,7,148,2,457,0,22,0,5,0,8,0,1,0,10,0,0,0,2,3,0,0,23,0,1,0,15,0,0,0,0,0,0,0,0,0,0,0,0,0,0,0,1,0,0,0,0,0,0,0,0,0,0,0,0,0,138,2,217,0,481,0,0,0,0,0,0,0,0,0,1,0,1,0,0,0,0,0,0,0,5,0,0,0,0,0,0,0,0,0,0,0,0,0,4,2,0,0,0,0,0,1,2,6,0,0,27,0,3,0,1,0,4,0,10,0,23,4,1,0,0,0,0,0,0,0,9,0,0,0,0,0,110,7,47,5,4,8,0,6,2,0,1,0,1,0,0,0,6,1,10,3
0,2,2,21,1,13,0,0,0,5,0,26,0,1,0,0,7,812,1,10,3,126,2,235,0,34,0,20,0,0,0,2,0,0,0,0,0,0,0,0,0,174,0,0,0,196,0,0,0,0,0,0,0,0,0,2,0,0,0,0,0,0,0,0,0,0,0,1,0,0,0,0,0,0,0,295,0,544,0,355,0,0,0,0,0,0,0,0,0,1,0,0,1,0,0,0,0,0,0,3,0,0,0,0,0,0,0,0,0,0,0,0,2,0,0,0,0,0,0,0,1,18,0,1,0,52,0,3,0,2,0,0,0,0,0,7,0,0,0,0,0,0,0,0,0,6,0,1,0,1,0,10,1,4,1,4,6,0,0,0,0,0,0,25,0,1,0,1,2,1
4,0,3,0,1,1,0,0,0,0,0,0,3,0,1,0,0,0,0,0,0,0,0,0,0,0,0,0,0,0,0,0,2,0,0,0,0,0,0,0,4,3,1,0,0,0,0,0,0,1,0,0,0,0,0,0,0,0,0,0,1,0,1,0,0,0,1,0,0,0,0,0,0,0,7,0,24,0,29,2,0,0,0,0,0,0,0,0,0,0,0,0,0,0,3,0,1,1,33,7,1,0,5,1,1,1,2,1,14,6,1,3,23,2,0,0,0,0,0,15,0,0,0,0,4,1,14,2,11,0,7,1,0,2,4,0,5,0,0,0,1,0,1,0,1,0,0,0,0,0,0,0,0,0,0,0,2,0,0,52,21,1,5,3,9,7,25,47,16,55
3,0,0,0,0,0,0,1,0,0,0,0,0,0,0,1,0,0,0,0,0,0,0,0,0,0,0,0,0,0,0,0,0,0,0,0,0,1,0,0,4,6,1,0,0,0,0,0,0,0,0,2,0,0,0,3,0,0,0,0,0,0,0,0,0,0,0,0,0,0,1,0,1,0,2,6,8,7,21,10,0,0,0,1,0,0,0,0,0,0,0,0,0,0,0,4,2,0,32,31,3,3,4,6,1,1,4,3,13,17,1,0,23,8,2,1,0,2,1,21,0,0,0,0,3,7,2,30,7,25,7,7,0,0,0,0,0,3,0,1,1,3,0,5,1,4,0,3,1,0,0,0,0,0,0,0,0,0,52,0,1,5,11,9,13,14,21,83,21,69
27,0,7,0,2,0,2,0,7,0,0,0,8,0,2,3,0,0,0,0,0,0,0,0,0,0,0,0,0,0,0,0,2,0,0,0,1,0,2,1,7,1,6,0,0,0,3,0,0,0,1,0,1,0,7,1,1,0,0,0,17,0,9,0,5,0,4,0,3,0,7,1,7,1,30,1,55,2,64,2,0,0,1,0,7,0,1,0,2,0,0,0,0,0,6,2,5,1,61,5,15,0,7,3,4,2,12,1,25,3,0,1,0,1,0,0,0,1,0,5,0,0,0,0,4,0,16,1,11,1,3,0,0,0,4,0,0,0,0,0,2,0,0,0,4,0,1,0,2,0,0,0,0,0,0,0,1,0,21,1,0,0,14,0,3,1,4,7,7,4
0,12,0,4,0,10,0,4,0,4,0,0,0,0,0,9,0,0,0,0,0,0,0,0,0,0,0,0,0,0,0,0,0,1,0,0,0,1,0,0,3,3,0,1,0,0,0,0,0,0,0,0,0,0,1,1,0,0,0,0,0,0,1,1,0,0,0,3,0,1,0,2,0,4,2,29,1,23,1,29,0,0,0,0,0,1,0,0,0,2,0,0,0,0,0,1,1,1,0,49,2,2,5,3,2,0,3,5,1,7,0,3,1,2,0,0,0,0,1,0,0,0,0,0,0,4,0,21,1,48,0,0,0,0,0,0,0,0,0,0,0,6,0,2,0,3,0,0,0,2,0,0,0,1,0,0,0,0,1,5,0,0,1,24,0,0,0,5,5,1
115,2,14,1,10,1,26,0,15,0,0,0,25,1,6,4,0,0,1,1,0,0,0,0,0,0,0,0,0,0,0,0,11,0,0,0,9,1,3,0,172,1,4,1,9,0,4,0,1,0,2,0,2,0,10,2,0,0,1,0,80,1,20,0,8,0,8,2,10,0,11,4,32,2,60,2,133,1,196,4,0,0,3,0,9,0,2,0,2,0,0,0,0,0,2,9,5,2,28,14,9,1,6,14,3,1,7,5,10,8,1,2,21,5,2,4,0,1,0,2,4,0,2,0,20,0,73,3,34,2,16,0,37,0,38,2,2,0,10,0,1,0,0,0,25,1,3,0,2,0,0,0,0,0,0,0,1,0,5,11,14,1,0,4,11,0,11,12,27,32
1,16,2,16,0,6,0,2,0,6,0,0,0,2,1,16,0,0,0,6,0,0,0,0,0,0,0,0,0,0,0,0,0,0,0,0,0,0,0,0,0,86,1,5,0,0,0,1,0,0,0,1,0,3,1,8,0,0,0,0,0,2,1,1,0,1,0,1,0,1,0,2,0,3,1,39,5,54,4,106,0,0,0,0,0,0,0,0,0,2,0,0,0,0,5,8,4,6,6,60,8,3,7,5,4,6,17,12,4,8,3,2,15,6,2,1,0,1,0,4,0,1,0,0,0,32,3,23,1,21,0,4,0,19,0,20,0,3,0,5,0,8,0,3,0,14,0,2,0,2,0,0,0,0,0,0,0,25,3,9,0,24,4,0,1,31,5,19,30,13
9,0,7,0,3,0,3,0,3,0,1,0,0,0,1,0,0,0,1,0,0,0,0,0,0,0,0,0,0,0,0,0,0,0,0,0,1,0,0,0,13,1,0,0,1,0,0,0,0,0,2,0,0,0,0,0,0,0,0,0,9,0,1,0,0,0,0,0,0,0,3,0,3,0,15,0,21,0,17,0,0,0,0,0,0,0,1,0,0,0,0,0,0,0,1,1,1,1,50,3,0,0,1,2,0,0,3,0,8,3,0,1,41,1,0,1,0,0,0,8,0,0,0,0,4,0,11,0,4,1,7,1,16,0,20,0,4,0,0,0,2,0,0,0,3,0,1,1,0,0,0,0,1,0,0,0,0,0,9,13,3,0,11,1,0,8,19,21,171,27
0,0,0,1,0,0,0,1,0,0,0,0,0,0,0,0,0,0,0,0,0,0,0,0,0,0,0,0,0,0,0,0,0,0,0,0,0,0,0,0,1,2,0,0,0,0,0,0,0,0,0,0,0,0,0,0,0,0,0,0,0,0,0,0,0,0,0,0,0,0,0,0,0,0,0,3,2,2,4,10,0,0,0,0,1,0,0,0,0,0,0,0,0,0,0,0,0,0,10,13,0,1,1,4,0,1,1,0,1,2,0,0,61,16,1,1,0,1,0,5,0,0,0,0,0,5,0,5,2,9,0,3,0,14,0,11,0,1,0,2,0,7,0,3,0,4,0,0,0,1,0,0,0,0,1,0,0,1,7,14,1,0,0,31,8,0,7,17,75,27
3,0,3,0,2,0,3,0,0,0,0,0,0,0,1,1,0,0,0,0,0,0,0,0,0,0,0,0,0,0,0,0,1,1,0,0,0,1,0,0,10,1,0,0,0,0,0,0,0,0,0,0,0,0,1,0,0,0,0,0,1,0,0,0,0,0,0,0,1,0,0,0,1,0,6,1,17,0,27,7,0,0,0,0,0,0,0,0,0,0,0,0,0,0,1,0,3,0,13,1,11,0,9,0,0,0,6,1,12,1,1,0,24,2,0,1,0,0,0,2,0,0,0,0,7,2,15,5,15,2,27,0,2,0,15,0,3,0,1,0,1,1,1,0,7,0,2,0,2,0,0,0,0,0,0,0,6,0,25,21,4,0,11,5,19,7,0,10,20,27
0,4,1,0,0,0,0,1,1,1,0,0,0,1,0,4,0,0,0,0,0,0,0,0,0,0,0,0,0,0,0,0,0,0,0,0,0,0,0,0,8,7,4,1,2,1,0,1,0,0,0,1,0,0,1,1,0,0,0,0,2,2,0,0,1,0,0,0,0,1,0,1,1,4,1,16,15,15,21,42,0,0,0,0,0,0,0,0,0,1,0,0,0,0,2,27,8,10,15,24,12,8,10,25,2,3,13,26,15,74,5,13,46,3,5,3,2,4,1,23,0,0,0,0,1,27,9,73,11,91,5,24,0,1,0,2,1,0,0,3,0,8,1,4,0,6,0,1,0,2,0,0,0,0,0,0,1,1,47,83,7,5,12,19,21,17,10,0,19,63
4,4,3,3,0,3,1,4,1,0,0,0,1,2,2,3,0,0,0,2,0,0,0,0,0,0,0,0,0,0,0,0,0,0,0,0,1,1,0,0,22,10,4,0,1,2,1,0,1,0,2,24,0,0,0,1,0,0,0,0,2,0,1,0,0,0,1,0,1,0,0,1,3,0,17,31,45,27,69,68,0,0,0,0,1,0,0,0,0,1,0,0,1,0,0,1,0,1,229,59,19,0,2,0,0,0,2,1,14,2,0,0,76,115,0,0,0,0,0,6,0,0,0,0,31,29,48,85,60,98,72,38,6,0,72,76,9,2,2,6,5,20,4,40,46,35,19,16,16,4,0,0,0,0,0,0,10,2,16,21,7,5,27,30,171,75,20,19,0,26
4,1,1,1,0,0,1,0,0,0,0,0,0,1,2,1,0,0,0,1,0,0,0,0,0,0,0,0,0,0,0,0,1,0,0,0,0,0,0,0,9,4,1,0,0,0,0,0,0,0,1,0,0,0,1,0,1,0,0,0,2,0,0,0,1,0,0,1,0,0,2,0,1,0,4,4,18,5,28,14,0,0,0,0,0,0,0,0,0,0,0,0,0,0,0,7,2,1,26,4,1,1,2,1,1,2,2,1,12,11,0,2,62,2,0,0,0,1,0,26,0,0,0,0,7,2,24,17,18,19,18,2,0,1,10,0,4,0,1,0,1,1,0,2,7,2,5,0,0,0,0,0,0,0,1,0,3,1,55,69,4,1,32,13,27,27,27,63,26,0
